Total Bytes Allocated,Registery Access,Write Operations,ActiveX Controls,Network Activities,Directory and File Operations,Embedded iframes,Data Types and Handling,Label
0,0,0,0,0,0,0,0,Benign
0,0,0,0,0,0,0,0,Benign
32778,0,0,0,0,0,0,0,Benign
1288,0,0,0,0,0,0,0,Benign
0,0,0,0,0,0,0,0,Benign
7566,0,0,0,0,0,0,0,Benign
0,0,0,0,0,0,0,0,Benign
0,0,0,0,0,0,0,0,Benign
0,0,0,0,0,0,0,0,Benign
0,0,0,0,0,0,0,0,Benign
0,0,0,0,0,0,0,0,Benign
0,0,0,0,0,0,0,0,Benign
5444,0,0,0,0,0,0,0,Benign
2954,0,0,0,0,0,0,0,Benign
0,0,0,0,0,0,0,0,Benign
76,0,0,0,0,0,0,0,Benign
0,0,0,0,0,0,0,0,Benign
156,0,0,0,0,0,0,0,Benign
8378,0,0,0,0,0,0,0,Benign
0,0,0,0,0,0,0,0,Benign
138,0,0,0,0,0,0,0,Benign
84,0,0,0,0,0,0,0,Benign
0,0,0,0,0,0,0,0,Benign
0,0,0,0,0,0,0,0,Benign
0,0,0,0,0,0,0,0,Benign
278,0,0,0,0,0,0,0,Benign
6786,0,0,0,0,0,0,0,Benign
1361,0,0,0,0,0,0,0,Benign
1801,0,0,0,0,0,0,0,Benign
6765,0,0,0,0,0,0,0,Benign
0,0,0,0,0,0,0,0,Benign
0,0,0,0,0,0,0,0,Benign
1333,0,0,0,0,0,0,0,Benign
6947,0,0,0,0,0,0,0,Benign
1577,0,0,0,0,0,0,0,Benign
6789,0,0,0,0,0,0,0,Benign
2702,0,0,0,0,0,0,0,Benign
20,0,0,0,0,0,0,0,Benign
2702,0,0,0,0,0,0,0,Benign
1673,0,0,0,0,0,0,0,Benign
0,0,0,0,0,0,0,0,Benign
1389,0,0,0,0,0,0,0,Benign
120961,0,0,0,0,0,0,0,Benign
1589,0,0,0,0,0,0,0,Benign
2281,0,0,0,0,0,0,0,Benign
588,0,0,0,0,0,0,0,Benign
0,0,0,0,0,0,0,0,Benign
28302,0,0,0,0,0,0,0,Benign
13,0,0,0,0,0,0,0,Benign
1401,0,0,0,0,0,0,0,Benign
0,0,0,0,0,0,0,0,Benign
0,0,0,0,0,0,0,0,Benign
1118,0,0,0,0,0,0,0,Benign
0,0,0,0,0,0,0,0,Benign
0,0,0,0,0,0,0,0,Benign
2704,0,0,0,0,0,0,0,Benign
3916,0,0,0,0,0,0,0,Benign
0,0,0,0,0,0,0,0,Benign
0,0,0,0,0,0,0,0,Benign
242,0,0,0,0,0,0,0,Benign
32,0,0,0,0,0,0,0,Benign
5476,0,0,0,0,0,0,0,Benign
0,0,0,0,0,0,0,0,Benign
259,0,0,0,0,0,0,0,Benign
6124,0,0,0,0,0,0,0,Benign
0,0,0,0,0,0,0,0,Benign
0,0,0,0,0,0,0,0,Benign
2173,0,0,0,0,0,0,0,Benign
13763,0,0,0,0,0,0,0,Benign
132017,4,0,0,0,0,0,0,Benign
15208,4,0,0,0,0,0,0,Benign
30624,0,0,0,0,0,0,0,Benign
110,0,0,0,0,0,0,0,Benign
157,0,0,0,0,0,0,0,Benign
0,0,0,0,0,0,0,0,Benign
0,0,0,0,0,0,0,0,Benign
138,0,0,0,0,0,0,0,Benign
0,0,0,0,0,0,0,0,Benign
0,0,0,0,0,0,0,0,Benign
0,0,0,0,0,0,0,0,Benign
0,0,0,0,0,0,0,0,Benign
98006,0,0,0,0,0,0,0,Benign
0,0,0,0,0,0,0,0,Benign
16,0,0,0,0,0,0,0,Benign
1386,0,0,0,0,0,0,0,Benign
10836,0,0,0,0,0,0,0,Benign
0,0,0,0,0,0,0,0,Benign
0,0,0,0,0,0,0,0,Benign
2262,0,0,0,0,0,0,0,Benign
0,0,0,0,0,0,0,0,Benign
0,0,0,0,0,0,0,0,Benign
0,0,0,0,0,0,0,0,Benign
272,0,0,0,0,0,0,0,Benign
0,0,0,0,0,0,0,0,Benign
0,0,0,0,0,0,0,0,Benign
0,0,0,0,0,0,0,0,Benign
0,0,0,0,0,0,0,0,Benign
6626,0,0,0,0,0,0,0,Benign
0,0,0,0,0,0,0,0,Benign
0,0,0,0,0,0,0,0,Benign
5942,0,0,0,0,0,0,0,Benign
6938,0,0,0,0,0,0,0,Benign
11232,0,0,0,0,0,0,0,Benign
220,0,0,0,0,0,0,0,Benign
0,0,0,0,0,0,0,0,Benign
368,0,0,0,0,0,0,0,Benign
10466,0,0,0,0,0,0,0,Benign
0,0,0,0,0,0,0,0,Benign
1960,0,0,0,0,0,0,0,Benign
186,0,0,0,0,0,0,0,Benign
82788,0,0,0,0,0,0,0,Benign
0,0,0,0,0,0,0,0,Benign
0,0,0,0,0,0,0,0,Benign
6471,0,0,0,0,0,0,0,Benign
0,0,0,0,0,0,0,0,Benign
0,0,0,0,0,0,0,0,Benign
0,0,0,0,0,0,0,0,Benign
14,0,0,0,0,0,0,0,Benign
0,0,0,0,0,0,0,0,Benign
0,0,0,0,0,0,0,0,Benign
0,0,0,0,0,0,0,0,Benign
0,0,0,0,0,0,0,0,Benign
0,0,0,0,0,0,0,0,Benign
0,0,0,0,0,0,0,0,Benign
0,0,0,0,0,0,0,0,Benign
0,0,0,0,0,0,0,0,Benign
0,0,0,0,0,0,0,0,Benign
0,0,0,0,0,0,0,0,Benign
0,0,0,0,0,0,0,0,Benign
4103,0,0,0,0,0,0,0,Benign
0,0,0,0,0,0,0,0,Benign
8,0,0,0,0,0,0,0,Benign
0,0,0,0,0,0,0,0,Benign
0,0,0,0,0,0,0,0,Benign
0,0,0,0,0,0,0,0,Benign
0,0,0,0,0,0,0,0,Benign
0,0,0,0,0,0,0,0,Benign
52,0,0,0,0,0,0,0,Benign
0,0,0,0,0,0,0,0,Benign
15460,0,0,0,0,0,0,0,Benign
30,0,0,0,0,0,0,0,Benign
0,0,0,0,0,0,0,0,Benign
0,0,0,0,0,0,0,0,Benign
0,0,0,0,0,0,0,0,Benign
0,0,0,0,0,0,0,0,Benign
0,0,0,0,0,0,0,0,Benign
0,0,0,0,0,0,0,0,Benign
50,0,0,0,0,0,0,0,Benign
0,0,0,0,0,0,0,0,Benign
0,0,0,0,0,0,0,0,Benign
0,0,0,0,0,0,0,0,Benign
0,0,0,0,0,0,0,0,Benign
0,0,0,0,0,0,0,0,Benign
0,0,0,0,0,0,0,0,Benign
0,0,0,0,0,0,0,0,Benign
0,0,0,0,0,0,0,0,Benign
0,0,0,0,0,0,0,0,Benign
0,0,0,0,0,0,0,0,Benign
0,0,0,0,0,0,0,0,Benign
0,0,0,0,0,0,0,0,Benign
0,0,0,0,0,0,0,0,Benign
0,0,0,0,0,0,0,0,Benign
4768,0,0,0,0,0,0,0,Benign
0,0,0,0,0,0,0,0,Benign
0,0,0,0,0,0,0,0,Benign
0,0,0,0,0,0,0,0,Benign
83594,0,0,0,0,0,0,0,Benign
0,0,0,0,0,0,0,0,Benign
0,0,0,0,0,0,0,0,Benign
0,0,0,0,0,0,0,0,Benign
0,0,0,0,0,0,0,0,Benign
0,0,0,0,0,0,0,0,Benign
0,0,0,0,0,0,0,0,Benign
0,0,0,0,0,0,0,0,Benign
0,0,0,0,0,0,0,0,Benign
0,0,0,0,0,0,0,0,Benign
0,0,0,0,0,0,0,0,Benign
0,0,0,0,0,0,0,0,Benign
0,0,0,0,0,0,0,0,Benign
0,0,0,0,0,0,0,0,Benign
0,0,0,0,0,0,0,0,Benign
0,0,0,0,0,0,0,0,Benign
1960,0,0,0,0,0,0,0,Benign
0,0,0,0,0,0,0,0,Benign
5376,0,0,0,0,0,0,0,Benign
1412,0,0,0,0,0,0,0,Benign
124,0,0,0,0,0,0,0,Benign
11422,0,0,0,0,0,0,0,Benign
60,0,0,0,0,0,0,0,Benign
0,0,0,0,0,0,0,0,Benign
138,0,0,0,0,0,0,0,Benign
248,0,0,0,0,0,0,0,Benign
0,0,0,0,0,0,0,0,Benign
6440,0,0,0,0,0,0,0,Benign
1412,0,0,0,0,0,0,0,Benign
54,0,0,0,0,0,0,0,Benign
0,0,0,0,0,0,0,0,Benign
0,0,0,0,0,0,0,0,Benign
0,0,0,0,0,0,0,0,Benign
0,0,0,0,0,0,0,0,Benign
162,0,0,0,0,0,0,0,Benign
0,0,0,0,0,0,0,0,Benign
262,0,0,0,0,0,0,0,Benign
2146,0,0,0,0,0,0,0,Benign
1178,0,0,0,0,0,0,0,Benign
0,0,0,0,0,0,0,0,Benign
2144,0,0,0,0,0,0,0,Benign
0,0,0,0,0,0,0,0,Benign
1772,0,0,0,0,0,0,0,Benign
194,0,0,0,0,0,0,0,Benign
902,0,0,0,0,0,0,0,Benign
2156,0,0,0,0,0,0,0,Benign
20,0,0,0,0,0,0,0,Benign
0,0,0,0,0,0,0,0,Benign
0,0,0,0,0,0,0,0,Benign
9200,0,0,0,0,0,0,0,Benign
0,0,0,0,0,0,0,0,Benign
5417,0,0,0,0,0,0,0,Benign
0,0,0,0,0,0,0,0,Benign
0,0,0,0,0,0,0,0,Benign
0,0,0,0,0,0,0,0,Benign
1056,0,0,0,0,0,0,0,Benign
0,0,0,0,0,0,0,0,Benign
0,0,0,0,0,0,0,0,Benign
0,0,0,0,0,0,0,0,Benign
0,0,0,0,0,0,0,0,Benign
157,0,0,0,0,0,0,0,Benign
0,0,0,0,0,0,0,0,Benign
0,0,0,0,0,0,0,0,Benign
1328,0,0,0,0,0,0,0,Benign
76,0,0,0,0,0,0,0,Benign
0,0,0,0,0,0,0,0,Benign
320,0,0,0,0,0,0,0,Benign
7218,0,0,0,0,0,0,0,Benign
22,0,0,0,0,0,0,0,Benign
0,0,0,0,0,0,0,0,Benign
1068,0,0,0,0,0,0,0,Benign
0,0,0,0,0,0,0,0,Benign
0,0,0,0,0,0,0,0,Benign
0,0,0,0,0,0,0,0,Benign
0,0,0,0,0,0,0,0,Benign
278253,0,0,0,0,0,0,0,Benign
0,0,0,0,0,0,0,0,Benign
16052,0,0,0,0,0,0,0,Benign
0,0,0,0,0,0,0,0,Benign
0,0,0,0,0,0,0,0,Benign
0,0,0,0,0,0,0,0,Benign
0,0,0,0,0,0,0,0,Benign
0,0,0,0,0,0,0,0,Benign
0,0,0,0,0,0,0,0,Benign
0,0,0,0,0,0,0,0,Benign
10470,0,0,0,0,0,0,0,Benign
44,0,0,0,0,0,0,0,Benign
0,0,0,0,0,0,0,0,Benign
7035,0,0,0,0,0,0,0,Benign
0,0,0,0,0,0,0,0,Benign
0,0,0,0,0,0,0,0,Benign
1052,0,0,0,0,0,0,0,Benign
24,0,0,0,0,0,0,0,Benign
0,0,0,0,0,0,0,0,Benign
0,0,0,0,0,0,0,0,Benign
188,0,0,0,0,0,0,0,Benign
0,0,0,0,0,0,0,0,Benign
0,0,0,0,0,0,0,0,Benign
1878,0,0,0,0,0,0,0,Benign
5502,0,0,0,0,0,0,0,Benign
0,0,0,0,0,0,0,0,Benign
0,0,0,0,0,0,0,0,Benign
1068,0,0,0,0,0,0,0,Benign
0,0,0,0,0,0,0,0,Benign
0,0,0,0,0,0,0,0,Benign
0,0,0,0,0,0,0,0,Benign
0,0,0,0,0,0,0,0,Benign
0,0,0,0,0,0,0,0,Benign
28588,0,0,0,0,0,0,0,Benign
438,0,0,0,0,0,0,0,Benign
0,0,0,0,0,0,0,0,Benign
0,0,0,0,0,0,0,0,Benign
5786,0,0,0,0,0,0,0,Benign
0,0,0,0,0,0,0,0,Benign
0,0,0,0,0,0,0,0,Benign
0,0,0,0,0,0,0,0,Benign
1052,0,0,0,0,0,0,0,Benign
0,0,0,0,0,0,0,0,Benign
448,0,0,0,0,0,0,0,Benign
0,0,0,0,0,0,0,0,Benign
0,0,0,0,0,0,0,0,Benign
0,0,0,0,0,0,0,0,Benign
0,0,0,0,0,0,0,0,Benign
0,0,0,0,0,0,0,0,Benign
24,0,0,0,0,0,0,0,Benign
0,0,0,0,0,0,0,0,Benign
0,0,0,0,0,0,0,0,Benign
428,0,0,0,0,0,0,0,Benign
0,0,0,0,0,0,0,0,Benign
0,0,0,0,0,0,0,0,Benign
16,0,0,0,0,0,0,0,Benign
0,0,0,0,0,0,0,0,Benign
605184,0,0,0,0,0,0,0,Benign
542,0,0,0,0,0,0,0,Benign
0,0,0,0,0,0,0,0,Benign
0,0,0,0,0,0,0,0,Benign
0,0,0,0,0,0,0,0,Benign
0,0,0,0,0,0,0,0,Benign
0,0,0,0,0,0,0,0,Benign
0,0,0,0,0,0,0,0,Benign
0,0,0,0,0,0,0,0,Benign
0,0,0,0,0,0,0,0,Benign
0,0,0,0,0,0,0,0,Benign
842,0,0,0,0,0,0,0,Benign
2236,0,0,0,0,0,0,0,Benign
0,0,0,0,0,0,0,0,Benign
32,0,0,0,0,0,0,0,Benign
0,0,0,0,0,0,0,0,Benign
18,0,0,0,0,0,0,0,Benign
150,0,0,0,0,0,0,0,Benign
0,0,0,0,0,0,0,0,Benign
343628,0,0,0,0,0,0,0,Benign
0,0,0,0,0,0,0,0,Benign
0,0,0,0,0,0,0,0,Benign
0,0,0,0,0,0,0,0,Benign
0,0,0,0,0,0,0,0,Benign
466,0,0,0,0,0,0,0,Benign
0,0,0,0,0,0,0,0,Benign
0,0,0,0,0,0,0,0,Benign
2982,0,0,0,0,0,0,0,Benign
0,0,0,0,0,0,0,0,Benign
0,0,0,0,0,0,0,0,Benign
0,0,0,0,0,0,0,0,Benign
2982,0,0,0,0,0,0,0,Benign
7332,0,0,0,0,0,0,0,Benign
600,0,0,0,0,0,0,0,Benign
362,0,0,0,0,0,0,0,Benign
5954,0,0,0,0,0,0,0,Benign
0,0,0,0,0,0,0,0,Benign
0,0,0,0,0,0,0,0,Benign
2436,0,0,0,0,0,0,0,Benign
6639,0,0,0,0,0,0,0,Benign
0,0,0,0,0,0,0,0,Benign
0,0,0,0,0,0,0,0,Benign
1744,0,0,0,0,0,0,0,Benign
0,0,0,0,0,0,0,0,Benign
1683,0,0,0,0,0,0,0,Benign
0,0,0,0,0,0,0,0,Benign
15500,0,0,0,0,0,0,0,Benign
0,0,0,0,0,0,0,0,Benign
0,0,0,0,0,0,0,0,Benign
0,0,0,0,0,0,0,0,Benign
0,0,0,0,0,0,0,0,Benign
0,0,0,0,0,0,0,0,Benign
2310,0,0,0,0,0,0,0,Benign
0,0,0,0,0,0,0,0,Benign
0,0,0,0,0,0,0,0,Benign
0,0,0,0,0,0,0,0,Benign
2054,0,0,0,0,0,0,0,Benign
150,4,0,0,0,0,0,0,Benign
50,0,0,0,0,0,0,0,Benign
0,0,0,0,0,0,0,0,Benign
0,0,0,0,0,0,0,0,Benign
0,0,0,0,0,0,0,0,Benign
13714,0,0,0,0,0,0,0,Benign
23,0,0,0,0,0,0,0,Benign
0,0,0,0,0,0,0,0,Benign
0,0,0,0,0,0,0,0,Benign
0,0,0,0,0,0,0,0,Benign
0,0,0,0,0,0,0,0,Benign
3671,0,0,0,0,0,0,0,Benign
9152,0,0,0,0,0,0,0,Benign
0,0,0,0,0,0,0,0,Benign
11126,0,0,0,0,0,0,0,Benign
6,0,0,0,0,0,0,0,Benign
0,0,0,0,0,0,0,0,Benign
0,0,0,0,0,0,0,0,Benign
0,0,0,0,0,0,0,0,Benign
208,0,0,0,0,0,0,0,Benign
0,0,0,0,0,0,0,0,Benign
0,0,0,0,0,0,0,0,Benign
238,0,0,0,0,0,0,0,Benign
614,0,0,0,0,0,0,0,Benign
0,0,0,0,0,0,0,0,Benign
0,0,0,0,0,0,0,0,Benign
0,0,0,0,0,0,0,0,Benign
0,0,0,0,0,0,0,0,Benign
0,0,0,0,0,0,0,0,Benign
0,0,0,0,0,0,0,0,Benign
244,0,0,0,0,0,0,0,Benign
0,0,0,0,0,0,0,0,Benign
0,0,0,0,0,0,0,0,Benign
110,0,0,0,0,0,0,0,Benign
0,0,0,0,0,0,0,0,Benign
332,0,0,0,0,0,0,0,Benign
0,0,0,0,0,0,0,0,Benign
0,0,0,0,0,0,0,0,Benign
0,0,0,0,0,0,0,0,Benign
0,0,0,0,0,0,0,0,Benign
0,0,0,0,0,0,0,0,Benign
0,0,0,0,0,0,0,0,Benign
0,0,0,0,0,0,0,0,Benign
3748,0,0,0,0,0,0,0,Benign
0,0,0,0,0,0,0,0,Benign
104,0,0,0,0,0,0,0,Benign
16,0,0,0,0,0,0,0,Benign
0,0,0,0,0,0,0,0,Benign
0,0,0,0,0,0,0,0,Benign
0,0,0,0,0,0,0,0,Benign
56,0,0,0,0,0,0,0,Benign
0,0,0,0,0,0,0,0,Benign
0,0,0,0,0,0,0,0,Benign
2144,0,0,0,0,0,0,0,Benign
428,0,0,0,0,0,0,0,Benign
1912,0,0,0,0,0,0,0,Benign
0,0,0,0,0,0,0,0,Benign
1586,0,0,0,0,0,0,0,Benign
0,0,0,0,0,0,0,0,Benign
0,0,0,0,0,0,0,0,Benign
0,0,0,0,0,0,0,0,Benign
1908,0,0,0,0,0,0,0,Benign
52588,0,0,0,0,0,0,0,Benign
428,0,0,0,0,0,0,0,Benign
0,0,0,0,0,0,0,0,Benign
0,0,0,0,0,0,0,0,Benign
0,0,0,0,0,0,0,0,Benign
0,0,0,0,0,0,0,0,Benign
0,0,0,0,0,0,0,0,Benign
18982,0,0,0,0,0,0,0,Benign
218310,0,0,0,0,0,0,0,Benign
1572,0,0,0,0,0,0,0,Benign
428,0,0,0,0,0,0,0,Benign
0,0,0,0,0,0,0,0,Benign
428,0,0,0,0,0,0,0,Benign
18772,0,0,0,0,0,0,0,Benign
0,0,0,0,0,0,0,0,Benign
0,0,0,0,0,0,0,0,Benign
118451,0,0,0,0,0,0,0,Benign
268,0,0,0,0,0,0,0,Benign
0,0,0,0,0,0,0,0,Benign
428,0,0,0,0,0,0,0,Benign
40802,0,0,0,0,0,0,0,Benign
0,0,0,0,0,0,0,0,Benign
0,0,0,0,0,0,0,0,Benign
0,0,0,0,0,0,0,0,Benign
17924,0,0,0,0,0,0,0,Benign
137112,0,0,0,0,0,0,0,Benign
0,0,0,0,0,0,0,0,Benign
0,0,0,0,0,0,0,0,Benign
0,0,0,0,0,0,0,0,Benign
17565,0,0,0,0,0,0,0,Benign
0,0,0,0,0,0,0,0,Benign
428,0,0,0,0,0,0,0,Benign
0,0,0,0,0,0,0,0,Benign
2132,0,0,0,0,0,0,0,Benign
428,0,0,0,0,0,0,0,Benign
53226,0,0,0,0,0,0,0,Benign
0,0,0,0,0,0,0,0,Benign
22142,2,0,0,0,0,0,0,Benign
268,0,0,0,0,0,0,0,Benign
1708,0,0,0,0,0,0,0,Benign
1912,0,0,0,0,0,0,0,Benign
21026,0,0,0,0,0,0,0,Benign
424,0,0,0,0,0,0,0,Benign
428,0,0,0,0,0,0,0,Benign
1912,0,0,0,0,0,0,0,Benign
0,0,0,0,0,0,0,0,Benign
268,0,0,0,0,0,0,0,Benign
1708,0,0,0,0,0,0,0,Benign
268,0,0,0,0,0,0,0,Benign
268,0,0,0,0,0,0,0,Benign
0,0,0,0,0,0,0,0,Benign
29394,0,0,0,0,0,0,0,Benign
0,0,0,0,0,0,0,0,Benign
0,0,0,0,0,0,0,0,Benign
0,0,0,0,0,0,0,0,Benign
428,0,0,0,0,0,0,0,Benign
0,0,0,0,0,0,0,0,Benign
428,0,0,0,0,0,0,0,Benign
0,0,0,0,0,0,0,0,Benign
0,0,0,0,0,0,0,0,Benign
52588,0,0,0,0,0,0,0,Benign
1586,0,0,0,0,0,0,0,Benign
5088,0,0,0,0,0,0,0,Benign
1708,0,0,0,0,0,0,0,Benign
46590,0,0,0,0,0,0,0,Benign
1708,0,0,0,0,0,0,0,Benign
2144,0,0,0,0,0,0,0,Benign
0,0,0,0,0,0,0,0,Benign
268,0,0,0,0,0,0,0,Benign
17281,0,0,0,0,0,0,0,Benign
0,0,0,0,0,0,0,0,Benign
17565,0,0,0,0,0,0,0,Benign
0,0,0,0,0,0,0,0,Benign
300,0,0,0,0,0,0,0,Benign
0,0,0,0,0,0,0,0,Benign
0,0,0,0,0,0,0,0,Benign
428,0,0,0,0,0,0,0,Benign
268,0,0,0,0,0,0,0,Benign
1708,0,0,0,0,0,0,0,Benign
268,0,0,0,0,0,0,0,Benign
0,0,0,0,0,0,0,0,Benign
0,0,0,0,0,0,0,0,Benign
428,0,0,0,0,0,0,0,Benign
0,0,0,0,0,0,0,0,Benign
18606,0,0,0,0,0,0,0,Benign
0,0,0,0,0,0,0,0,Benign
0,0,0,0,0,0,0,0,Benign
0,0,0,0,0,0,0,0,Benign
424,0,0,0,0,0,0,0,Benign
4578,0,0,0,0,0,0,0,Benign
1708,0,0,0,0,0,0,0,Benign
17585,0,0,0,0,0,0,0,Benign
53138,0,0,0,0,0,0,0,Benign
137405,0,0,0,0,0,0,0,Benign
0,0,0,0,0,0,0,0,Benign
0,0,0,0,0,0,0,0,Benign
428,0,0,0,0,0,0,0,Benign
1912,0,0,0,0,0,0,0,Benign
0,0,0,0,0,0,0,0,Benign
0,0,0,0,0,0,0,0,Benign
9422,0,0,0,0,0,0,0,Benign
1908,0,0,0,0,0,0,0,Benign
19256,0,0,0,0,0,0,0,Benign
0,0,0,0,0,0,0,0,Benign
268,0,0,0,0,0,0,0,Benign
21392,0,0,0,0,0,0,0,Benign
0,0,0,0,0,0,0,0,Benign
47166,0,0,0,0,0,0,0,Benign
424,0,0,0,0,0,0,0,Benign
0,0,0,0,0,0,0,0,Benign
0,0,0,0,0,0,0,0,Benign
0,0,0,0,0,0,0,0,Benign
268,0,0,0,0,0,0,0,Benign
268,0,0,0,0,0,0,0,Benign
17281,0,0,0,0,0,0,0,Benign
0,0,0,0,0,0,0,0,Benign
0,0,0,0,0,0,0,0,Benign
0,0,0,0,0,0,0,0,Benign
0,0,0,0,0,0,0,0,Benign
428,0,0,0,0,0,0,0,Benign
0,0,0,0,0,0,0,0,Benign
268,0,0,0,0,0,0,0,Benign
0,0,0,0,0,0,0,0,Benign
250,0,0,0,0,0,0,0,Benign
46950,0,0,0,0,0,0,0,Benign
0,0,0,0,0,0,0,0,Benign
268,0,0,0,0,0,0,0,Benign
0,0,0,0,0,0,0,0,Benign
1602,0,0,0,0,0,0,0,Benign
46534,0,0,0,0,0,0,0,Benign
1708,0,0,0,0,0,0,0,Benign
48,0,0,0,0,0,0,0,Benign
576,0,0,0,0,0,0,0,Benign
0,0,0,0,0,0,0,0,Benign
512,0,0,0,0,0,0,0,Benign
1467,0,0,0,0,0,0,0,Benign
1447,0,0,0,0,0,0,0,Benign
182,0,0,0,0,0,0,0,Benign
518,0,0,0,0,0,0,0,Benign
601,0,0,0,0,0,0,0,Benign
5314,0,0,0,0,0,0,0,Benign
106841,0,0,0,0,0,0,0,Benign
0,0,0,0,0,0,0,0,Benign
0,0,0,0,0,0,0,0,Benign
2293,0,0,0,0,0,0,0,Benign
4663,0,0,0,0,0,0,0,Benign
0,0,0,0,0,0,0,0,Benign
106343,0,0,0,0,0,0,0,Benign
0,0,0,0,0,0,0,0,Benign
1745,0,0,0,0,0,0,0,Benign
0,0,0,0,0,0,0,0,Benign
48,0,0,0,0,0,0,0,Benign
0,0,0,0,0,0,0,0,Benign
28,0,0,0,0,0,0,0,Benign
106377,0,0,0,0,0,0,0,Benign
0,0,0,0,0,0,0,0,Benign
267,0,0,0,0,0,0,0,Benign
0,0,0,0,0,0,0,0,Benign
157,0,0,0,0,0,0,0,Benign
0,0,0,0,0,0,0,0,Benign
0,0,0,0,0,0,0,0,Benign
0,0,0,0,0,0,0,0,Benign
30,0,0,0,0,0,0,0,Benign
0,0,0,0,0,0,0,0,Benign
0,0,0,0,0,0,0,0,Benign
0,0,0,0,0,0,0,0,Benign
0,0,0,0,0,0,0,0,Benign
4184,0,0,0,0,0,0,0,Benign
0,0,0,0,0,0,0,0,Benign
10,0,0,0,0,0,0,0,Benign
0,0,0,0,0,0,0,0,Benign
7280,0,0,0,0,0,0,0,Benign
530,0,0,0,0,0,0,0,Benign
0,0,0,0,0,0,0,0,Benign
0,0,0,0,0,0,0,0,Benign
1370,0,0,0,0,0,0,0,Benign
84,0,0,0,0,0,0,0,Benign
0,0,0,0,0,0,0,0,Benign
0,0,0,0,0,0,0,0,Benign
236,0,0,0,0,0,0,0,Benign
0,0,0,0,0,0,0,0,Benign
5079,0,0,0,0,0,0,0,Benign
7038,0,0,0,0,0,0,0,Benign
2703,0,0,0,0,0,0,0,Benign
80,0,0,0,0,0,0,0,Benign
80,0,0,0,0,0,0,0,Benign
1922,0,0,0,0,0,0,0,Benign
21870,0,0,0,0,0,0,0,Benign
0,0,0,0,0,0,0,0,Benign
0,0,0,0,0,0,0,0,Benign
80,0,0,0,0,0,0,0,Benign
0,0,0,0,0,0,0,0,Benign
80,0,0,0,0,0,0,0,Benign
1922,0,0,0,0,0,0,0,Benign
0,0,0,0,0,0,0,0,Benign
0,0,0,0,0,0,0,0,Benign
1922,0,0,0,0,0,0,0,Benign
1922,0,0,0,0,0,0,0,Benign
0,0,0,0,0,0,0,0,Benign
0,0,0,0,0,0,0,0,Benign
0,0,0,0,0,0,0,0,Benign
0,0,0,0,0,0,0,0,Benign
0,0,0,0,0,0,0,0,Benign
780,0,0,0,0,0,0,0,Benign
0,0,0,0,0,0,0,0,Benign
0,0,0,0,0,0,0,0,Benign
54,0,0,0,0,0,0,0,Benign
54,0,0,0,0,0,0,0,Benign
0,0,0,0,0,0,0,0,Benign
0,0,0,0,0,0,0,0,Benign
0,0,0,0,0,0,0,0,Benign
176,0,0,0,0,0,0,0,Benign
0,2,0,0,0,0,0,0,Benign
0,0,0,0,0,0,0,0,Benign
76,0,0,0,0,0,0,0,Benign
98482,0,0,0,0,0,0,0,Benign
40,0,0,0,0,0,0,0,Benign
0,0,0,0,0,0,0,0,Benign
1872,0,0,0,0,0,0,0,Benign
0,0,0,0,0,0,0,0,Benign
0,0,0,0,0,0,0,0,Benign
424,0,0,0,0,0,0,0,Benign
1922,0,0,0,0,0,0,0,Benign
0,0,0,0,0,0,0,0,Benign
0,0,0,0,0,0,0,0,Benign
24,0,0,0,0,0,0,0,Benign
0,0,0,0,0,0,0,0,Benign
26787,0,0,0,0,0,0,0,Benign
0,0,0,0,0,0,0,0,Benign
54,0,0,0,0,0,0,0,Benign
54,0,0,0,0,0,0,0,Benign
54,0,0,0,0,0,0,0,Benign
0,0,0,0,0,0,0,0,Benign
760,0,0,0,0,0,0,0,Benign
0,0,0,0,0,0,0,0,Benign
0,0,0,0,0,0,0,0,Benign
54,0,0,0,0,0,0,0,Benign
54,0,0,0,0,0,0,0,Benign
54,0,0,0,0,0,0,0,Benign
8,0,0,0,0,0,0,0,Benign
0,0,0,0,0,0,0,0,Benign
1922,0,0,0,0,0,0,0,Benign
54,0,0,0,0,0,0,0,Benign
0,0,0,0,0,0,0,0,Benign
0,0,0,0,0,0,0,0,Benign
776,0,0,0,0,0,0,0,Benign
76,0,0,0,0,0,0,0,Benign
92333,0,0,0,0,0,0,0,Benign
0,0,0,0,0,0,0,0,Benign
0,0,0,0,0,0,0,0,Benign
0,0,0,0,0,0,0,0,Benign
0,0,0,0,0,0,0,0,Benign
1922,0,0,0,0,0,0,0,Benign
54,0,0,0,0,0,0,0,Benign
0,0,0,0,0,0,0,0,Benign
0,0,0,0,0,0,0,0,Benign
80,0,0,0,0,0,0,0,Benign
54,0,0,0,0,0,0,0,Benign
26787,0,0,0,0,0,0,0,Benign
54,0,0,0,0,0,0,0,Benign
54,0,0,0,0,0,0,0,Benign
222,0,0,0,0,0,0,0,Benign
54,0,0,0,0,0,0,0,Benign
19730,0,0,0,0,0,0,0,Benign
54,0,0,0,0,0,0,0,Benign
21766,0,0,0,0,0,0,0,Benign
54,0,0,0,0,0,0,0,Benign
0,0,0,0,0,0,0,0,Benign
80,0,0,0,0,0,0,0,Benign
0,0,0,0,0,0,0,0,Benign
2192,0,0,0,0,0,0,0,Benign
0,0,0,0,0,0,0,0,Benign
776,0,0,0,0,0,0,0,Benign
222,0,0,0,0,0,0,0,Benign
0,0,0,0,0,0,0,0,Benign
0,0,0,0,0,0,0,0,Benign
0,0,0,0,0,0,0,0,Benign
0,0,0,0,0,0,0,0,Benign
54,0,0,0,0,0,0,0,Benign
0,0,0,0,0,0,0,0,Benign
54,0,0,0,0,0,0,0,Benign
54,0,0,0,0,0,0,0,Benign
54,0,0,0,0,0,0,0,Benign
17595,0,0,0,0,0,0,0,Benign
54,0,0,0,0,0,0,0,Benign
80,0,0,0,0,0,0,0,Benign
25355,0,0,0,0,0,0,0,Benign
54,0,0,0,0,0,0,0,Benign
0,0,0,0,0,0,0,0,Benign
54,0,0,0,0,0,0,0,Benign
0,0,0,0,0,0,0,0,Benign
21766,0,0,0,0,0,0,0,Benign
25355,0,0,0,0,0,0,0,Benign
54,0,0,0,0,0,0,0,Benign
1872,0,0,0,0,0,0,0,Benign
0,0,0,0,0,0,0,0,Benign
54,0,0,0,0,0,0,0,Benign
80,0,0,0,0,0,0,0,Benign
0,0,0,0,0,0,0,0,Benign
0,0,0,0,0,0,0,0,Benign
0,0,0,0,0,0,0,0,Benign
54,0,0,0,0,0,0,0,Benign
54,0,0,0,0,0,0,0,Benign
54,0,0,0,0,0,0,0,Benign
54,0,0,0,0,0,0,0,Benign
0,0,0,0,0,0,0,0,Benign
0,0,0,0,0,0,0,0,Benign
0,0,0,0,0,0,0,0,Benign
0,0,0,0,0,0,0,0,Benign
0,0,0,0,0,0,0,0,Benign
0,0,0,0,0,0,0,0,Benign
167,0,0,0,0,0,0,0,Benign
3574,0,0,0,0,0,0,0,Benign
0,0,0,0,0,0,0,0,Benign
0,0,0,0,0,0,0,0,Benign
0,0,0,0,0,0,0,0,Benign
6623,0,0,0,0,0,0,0,Benign
1928,0,0,0,0,0,0,0,Benign
0,0,0,0,0,0,0,0,Benign
0,0,0,0,0,0,0,0,Benign
0,0,0,0,0,0,0,0,Benign
0,0,0,0,0,0,0,0,Benign
1925,0,0,0,0,0,0,0,Benign
0,0,0,0,0,0,0,0,Benign
0,0,0,0,0,0,0,0,Benign
40,0,0,0,0,0,0,0,Benign
574,0,0,0,0,0,0,0,Benign
1190,0,0,0,0,0,0,0,Benign
0,0,0,0,0,0,0,0,Benign
38,0,0,0,0,0,0,0,Benign
0,0,0,0,0,0,0,0,Benign
7224,0,0,0,0,0,0,0,Benign
0,0,0,0,0,0,0,0,Benign
23926,0,0,0,0,0,0,0,Benign
0,0,0,0,0,0,0,0,Benign
0,0,0,0,0,0,0,0,Benign
0,0,0,0,0,0,0,0,Benign
0,0,0,0,0,0,0,0,Benign
725797,0,0,0,0,0,0,0,Benign
490,0,0,0,0,0,0,0,Benign
0,0,0,0,0,0,0,0,Benign
1,0,0,0,0,0,0,0,Benign
76544,0,0,0,0,0,0,0,Benign
0,0,0,0,0,0,0,0,Benign
110,0,0,0,0,0,0,0,Benign
0,0,0,0,0,0,0,0,Benign
0,0,0,0,0,0,0,0,Benign
0,0,0,0,0,0,0,0,Benign
4176,0,0,0,0,0,0,0,Benign
950,0,0,0,0,0,0,0,Benign
0,0,0,0,0,0,0,0,Benign
0,0,0,0,0,0,0,0,Benign
300,0,0,0,0,0,0,0,Benign
86,0,0,0,0,0,0,0,Benign
0,0,0,0,0,0,0,0,Benign
382,0,0,0,0,0,0,0,Benign
74,0,0,0,0,0,0,0,Benign
0,0,0,0,0,0,0,0,Benign
0,0,0,0,0,0,0,0,Benign
18,0,0,0,0,0,0,0,Benign
80,0,0,0,0,0,0,0,Benign
5294,0,0,0,0,0,0,0,Benign
0,0,0,0,0,0,0,0,Benign
0,0,0,0,0,0,0,0,Benign
30008,0,0,0,0,0,0,0,Benign
3778,0,0,0,0,0,0,0,Benign
0,0,0,0,0,0,0,0,Benign
264,0,0,0,0,0,0,0,Benign
370,0,0,0,0,0,0,0,Benign
370,0,0,0,0,0,0,0,Benign
0,0,0,0,0,0,0,0,Benign
84,0,0,0,0,0,0,0,Benign
0,0,0,0,0,0,0,0,Benign
40292,0,0,0,0,0,0,0,Benign
0,0,0,0,0,0,0,0,Benign
18,0,0,0,0,0,0,0,Benign
169,0,0,0,0,0,0,0,Benign
102,0,0,0,0,0,0,0,Benign
0,0,0,0,0,0,0,0,Benign
14,0,0,0,0,0,0,0,Benign
0,0,0,0,0,0,0,0,Benign
150,0,0,0,0,0,0,0,Benign
14,0,0,0,0,0,0,0,Benign
0,0,0,0,0,0,0,0,Benign
570027,0,0,0,0,0,0,0,Benign
0,0,0,0,0,0,0,0,Benign
64,0,0,0,0,0,0,0,Benign
0,0,0,0,0,0,0,0,Benign
400,0,0,0,0,0,0,0,Benign
74,0,0,0,0,0,0,0,Benign
0,0,0,0,0,0,0,0,Benign
102,0,0,0,0,0,0,0,Benign
382,0,0,0,0,0,0,0,Benign
0,0,0,0,0,0,0,0,Benign
0,0,0,0,0,0,0,0,Benign
0,0,0,0,0,0,0,0,Benign
0,0,0,0,0,0,0,0,Benign
6,0,0,0,0,0,0,0,Benign
0,0,0,0,0,0,0,0,Benign
524535,0,0,0,0,0,0,0,Benign
56,0,0,0,0,0,0,0,Benign
0,0,0,0,0,0,0,0,Benign
0,0,0,0,0,0,0,0,Benign
68,0,0,0,0,0,0,0,Benign
0,0,0,0,0,0,0,0,Benign
407,0,0,0,0,0,0,0,Benign
44,0,0,0,0,0,0,0,Benign
0,0,0,0,0,0,0,0,Benign
14736,0,0,0,0,0,0,0,Benign
0,0,0,0,0,0,0,0,Benign
10,0,0,0,0,0,0,0,Benign
1688,0,0,0,0,0,0,0,Benign
5924,0,0,0,0,0,0,0,Benign
0,0,0,0,0,0,0,0,Benign
0,0,0,0,0,0,0,0,Benign
0,0,0,0,0,0,0,0,Benign
96,0,0,0,0,0,0,0,Benign
0,0,0,0,0,0,0,0,Benign
51601,0,0,0,0,0,0,0,Benign
272,0,0,0,0,0,0,0,Benign
38,0,0,0,0,0,0,0,Benign
0,0,0,0,0,0,0,0,Benign
1820,0,0,0,0,0,0,0,Benign
0,0,0,0,0,0,0,0,Benign
0,0,0,0,0,0,0,0,Benign
0,0,0,0,0,0,0,0,Benign
0,0,0,0,0,0,0,0,Benign
0,0,0,0,0,0,0,0,Benign
0,0,0,0,0,0,0,0,Benign
13827,0,0,0,0,0,0,0,Benign
0,0,0,0,0,0,0,0,Benign
0,0,0,0,0,0,0,0,Benign
0,0,0,0,0,0,0,0,Benign
281277,0,0,0,0,0,0,0,Benign
0,0,0,0,0,0,0,0,Benign
0,0,0,0,0,0,0,0,Benign
0,0,0,0,0,0,0,0,Benign
3505,0,0,0,0,0,0,0,Benign
0,0,0,0,0,0,0,0,Benign
0,0,0,0,0,0,0,0,Benign
7,0,0,0,0,0,0,0,Benign
5384,0,0,0,0,0,0,0,Benign
0,0,0,0,0,0,0,0,Benign
2302,0,0,0,0,0,0,0,Benign
60,0,0,0,0,0,0,0,Benign
0,0,0,0,0,0,0,0,Benign
0,0,0,0,0,0,0,0,Benign
42,0,0,0,0,0,0,0,Benign
6,0,0,0,0,0,0,0,Benign
248,0,0,0,0,0,0,0,Benign
204,0,0,0,0,0,0,0,Benign
0,0,0,0,0,0,0,0,Benign
0,0,0,0,0,0,0,0,Benign
0,0,0,0,0,0,0,0,Benign
0,0,0,0,0,0,0,0,Benign
34,0,0,0,0,0,0,0,Benign
0,0,0,0,0,0,0,0,Benign
0,0,0,0,0,0,0,0,Benign
0,0,0,0,0,0,0,0,Benign
0,0,0,0,0,0,0,0,Benign
202,0,0,0,0,0,0,0,Benign
0,0,0,0,0,0,0,0,Benign
7085,0,0,0,0,0,0,0,Benign
56,0,0,0,0,0,0,0,Benign
188,0,0,0,0,0,0,0,Benign
7808,0,0,0,0,0,0,0,Benign
0,0,0,0,0,0,0,0,Benign
0,0,0,0,0,0,0,0,Benign
0,6,0,0,0,0,0,0,Benign
104,0,0,0,0,0,0,0,Benign
886,0,0,0,0,0,0,0,Benign
3260,0,0,0,0,0,0,0,Benign
0,0,0,0,0,0,0,0,Benign
0,0,0,0,0,0,0,0,Benign
6625,0,0,0,0,0,0,0,Benign
1038,0,0,0,0,0,0,0,Benign
9920,0,0,0,0,0,0,0,Benign
383,0,0,0,0,0,0,0,Benign
1644,0,0,0,0,0,0,0,Benign
0,0,0,0,0,0,0,0,Benign
0,0,0,0,0,0,0,0,Benign
17478,0,0,0,0,0,0,0,Benign
0,0,0,0,0,0,0,0,Benign
0,0,0,0,0,0,0,0,Benign
4622,0,0,0,0,0,0,0,Benign
0,0,0,0,0,0,0,0,Benign
0,0,0,0,0,0,0,0,Benign
0,0,0,0,0,0,0,0,Benign
0,0,0,0,0,0,0,0,Benign
1638,0,0,0,0,0,0,0,Benign
0,0,0,0,0,0,0,0,Benign
466,0,0,0,0,0,0,0,Benign
17478,0,0,0,0,0,0,0,Benign
4622,0,0,0,0,0,0,0,Benign
0,0,0,0,0,0,0,0,Benign
0,0,0,0,0,0,0,0,Benign
138,0,0,0,0,0,0,0,Benign
0,0,0,0,0,0,0,0,Benign
12061,0,0,0,0,0,0,0,Benign
0,0,0,0,0,0,0,0,Benign
0,0,0,0,0,0,0,0,Benign
0,0,0,0,0,0,0,0,Benign
0,0,0,0,0,0,0,0,Benign
0,0,0,0,0,0,0,0,Benign
5174,0,0,0,0,0,0,0,Benign
0,0,0,0,0,0,0,0,Benign
0,0,0,0,0,0,0,0,Benign
0,0,0,0,0,0,0,0,Benign
0,0,0,0,0,0,0,0,Benign
6558,0,0,0,0,0,0,0,Benign
0,8,0,0,0,0,0,0,Benign
0,0,0,0,0,0,0,0,Benign
0,0,0,0,0,0,0,0,Benign
8999,0,0,0,0,0,0,0,Benign
8970,0,0,0,0,0,0,0,Benign
0,0,0,0,0,0,0,0,Benign
0,0,0,0,0,0,0,0,Benign
74,0,0,0,0,0,0,0,Benign
8042,0,0,0,0,0,0,0,Benign
0,0,0,0,0,0,0,0,Benign
0,0,0,0,0,0,0,0,Benign
0,0,0,0,0,0,0,0,Benign
0,0,0,0,0,0,0,0,Benign
2262,0,0,0,0,0,0,0,Benign
3944,0,0,0,0,0,0,0,Benign
0,0,0,0,0,0,0,0,Benign
5880,0,0,0,0,0,0,0,Benign
886,0,0,0,0,0,0,0,Benign
1858,0,0,0,0,0,0,0,Benign
78,0,0,0,0,0,0,0,Benign
0,0,0,0,0,0,0,0,Benign
0,0,0,0,0,0,0,0,Benign
0,0,0,0,0,0,0,0,Benign
2359,0,0,0,0,0,0,0,Benign
0,0,0,0,0,0,0,0,Benign
0,0,0,0,0,0,0,0,Benign
0,0,0,0,0,0,0,0,Benign
0,0,0,0,0,0,0,0,Benign
0,0,0,0,0,0,0,0,Benign
0,0,0,0,0,0,0,0,Benign
0,0,0,0,0,0,0,0,Benign
0,0,0,0,0,0,0,0,Benign
7218,0,0,0,0,0,0,0,Benign
5118,0,0,0,0,0,0,0,Benign
224,0,0,0,0,0,0,0,Benign
0,0,0,0,0,0,0,0,Benign
0,0,0,0,0,0,0,0,Benign
514,0,0,0,0,0,0,0,Benign
6626,0,0,0,0,0,0,0,Benign
474,0,0,0,0,0,0,0,Benign
168,0,0,0,0,0,0,0,Benign
0,0,0,0,0,0,0,0,Benign
184,0,0,0,0,0,0,0,Benign
0,0,0,0,0,0,0,0,Benign
0,0,0,0,0,0,0,0,Benign
184,0,0,0,0,0,0,0,Benign
0,0,0,0,0,0,0,0,Benign
184,0,0,0,0,0,0,0,Benign
0,0,0,0,0,0,0,0,Benign
184,0,0,0,0,0,0,0,Benign
0,0,0,0,0,0,0,0,Benign
0,0,0,0,0,0,0,0,Benign
184,0,0,0,0,0,0,0,Benign
184,0,0,0,0,0,0,0,Benign
184,0,0,0,0,0,0,0,Benign
184,0,0,0,0,0,0,0,Benign
0,0,0,0,0,0,0,0,Benign
184,0,0,0,0,0,0,0,Benign
184,0,0,0,0,0,0,0,Benign
0,0,0,0,0,0,0,0,Benign
184,0,0,0,0,0,0,0,Benign
0,0,0,0,0,0,0,0,Benign
0,0,0,0,0,0,0,0,Benign
0,0,0,0,0,0,0,0,Benign
0,0,0,0,0,0,0,0,Benign
0,0,0,0,0,0,0,0,Benign
0,0,0,0,0,0,0,0,Benign
0,0,0,0,0,0,0,0,Benign
184,0,0,0,0,0,0,0,Benign
184,0,0,0,0,0,0,0,Benign
0,0,0,0,0,0,0,0,Benign
0,0,0,0,0,0,0,0,Benign
7,0,0,0,0,0,0,0,Benign
0,0,0,0,0,0,0,0,Benign
0,0,0,0,0,0,0,0,Benign
184,0,0,0,0,0,0,0,Benign
0,0,0,0,0,0,0,0,Benign
0,0,0,0,0,0,0,0,Benign
362,0,0,0,0,0,0,0,Benign
184,0,0,0,0,0,0,0,Benign
0,0,0,0,0,0,0,0,Benign
184,0,0,0,0,0,0,0,Benign
0,0,0,0,0,0,0,0,Benign
0,0,0,0,0,0,0,0,Benign
0,0,0,0,0,0,0,0,Benign
0,0,0,0,0,0,0,0,Benign
0,0,0,0,0,0,0,0,Benign
34,0,0,0,0,0,0,0,Benign
0,0,0,0,0,0,0,0,Benign
0,0,0,0,0,0,0,0,Benign
184,0,0,0,0,0,0,0,Benign
184,0,0,0,0,0,0,0,Benign
184,0,0,0,0,0,0,0,Benign
184,0,0,0,0,0,0,0,Benign
269,0,0,0,0,0,0,0,Benign
88,0,0,0,0,0,0,0,Benign
7091,0,0,0,0,0,0,0,Benign
0,0,0,0,0,0,0,0,Benign
0,0,0,0,0,0,0,0,Benign
716,0,0,0,0,0,0,0,Benign
144,0,0,0,0,0,0,0,Benign
0,0,0,0,0,0,0,0,Benign
0,0,0,0,0,0,0,0,Benign
716,0,0,0,0,0,0,0,Benign
0,0,0,0,0,0,0,0,Benign
690,0,0,0,0,0,0,0,Benign
0,0,0,0,0,0,0,0,Benign
844,0,0,0,0,0,0,0,Benign
378,0,0,0,0,0,0,0,Benign
0,0,0,0,0,0,0,0,Benign
0,0,0,0,0,0,0,0,Benign
0,0,0,0,0,0,0,0,Benign
42,0,0,0,0,0,0,0,Benign
29462,0,0,0,0,0,0,0,Benign
31970,0,0,0,0,0,0,0,Benign
0,0,0,0,0,0,0,0,Benign
6348,0,0,0,0,0,0,0,Benign
0,0,0,0,0,0,0,0,Benign
138,0,0,0,0,0,0,0,Benign
828,0,0,0,0,0,0,0,Benign
0,0,0,0,0,0,0,0,Benign
0,0,0,0,0,0,0,0,Benign
0,0,0,0,0,0,0,0,Benign
254,0,0,0,0,0,0,0,Benign
700,0,0,0,0,0,0,0,Benign
28100,0,0,0,0,0,0,0,Benign
690,0,0,0,0,0,0,0,Benign
9630,0,0,0,0,0,0,0,Benign
844,0,0,0,0,0,0,0,Benign
844,0,0,0,0,0,0,0,Benign
844,0,0,0,0,0,0,0,Benign
844,0,0,0,0,0,0,0,Benign
0,0,0,0,0,0,0,0,Benign
1680,0,0,0,0,0,0,0,Benign
0,0,0,0,0,0,0,0,Benign
844,0,0,0,0,0,0,0,Benign
1684,0,0,0,0,0,0,0,Benign
28252,0,0,0,0,0,0,0,Benign
0,0,0,0,0,0,0,0,Benign
0,0,0,0,0,0,0,0,Benign
0,0,0,0,0,0,0,0,Benign
30,0,0,0,0,0,0,0,Benign
61,0,0,0,0,0,0,0,Benign
31256,0,0,0,0,0,0,0,Benign
582,0,0,0,0,0,0,0,Benign
0,0,0,0,0,0,0,0,Benign
0,0,0,0,0,0,0,0,Benign
0,0,0,0,0,0,0,0,Benign
2,0,0,0,0,0,0,0,Benign
611,0,0,0,0,0,0,0,Benign
0,0,0,0,0,0,0,0,Benign
1072,0,0,0,0,0,0,0,Benign
1208,0,0,0,0,0,0,0,Benign
11132,0,0,0,0,0,0,0,Benign
1208,0,0,0,0,0,0,0,Benign
0,0,0,0,0,0,0,0,Benign
0,0,0,0,0,0,0,0,Benign
0,0,0,0,0,0,0,0,Benign
0,0,0,0,0,0,0,0,Benign
16,0,0,0,0,0,0,0,Benign
0,0,0,0,0,0,0,0,Benign
14,0,0,0,0,0,0,0,Benign
0,0,0,0,0,0,0,0,Benign
0,0,0,0,0,0,0,0,Benign
0,0,0,0,0,0,0,0,Benign
4882,0,0,0,0,0,0,0,Benign
0,0,0,0,0,0,0,0,Benign
0,0,0,0,0,0,0,0,Benign
666,0,0,0,0,0,0,0,Benign
0,2,0,0,0,0,0,0,Benign
0,0,0,0,0,0,0,0,Benign
0,0,0,0,0,0,0,0,Benign
0,0,0,0,0,0,0,0,Benign
1246,0,0,0,0,0,0,0,Benign
0,0,0,0,0,0,0,0,Benign
106,0,0,0,0,0,0,0,Benign
374,0,0,0,0,0,0,0,Benign
0,0,0,0,0,0,0,0,Benign
11,0,0,0,0,0,0,0,Benign
3016,0,0,0,0,0,0,0,Benign
0,0,0,0,0,0,0,0,Benign
60,0,0,0,0,0,0,0,Benign
48,0,0,0,0,0,0,0,Benign
3016,0,0,0,0,0,0,0,Benign
471,0,0,0,0,0,0,0,Benign
628,0,0,0,0,0,0,0,Benign
0,0,0,0,0,0,0,0,Benign
0,0,0,0,0,0,0,0,Benign
0,0,0,0,0,0,0,0,Benign
408,0,0,0,0,0,0,0,Benign
138,0,0,0,0,0,0,0,Benign
0,0,0,0,0,0,0,0,Benign
110771,0,0,0,0,0,0,0,Benign
230,0,0,0,0,0,0,0,Benign
0,0,0,0,0,0,0,0,Benign
0,0,0,0,0,0,0,0,Benign
0,0,0,0,0,0,0,0,Benign
204,0,0,0,0,0,0,0,Benign
1270,0,0,0,0,0,0,0,Benign
288009,0,0,0,0,0,0,0,Benign
0,0,0,0,0,0,0,0,Benign
0,0,0,0,0,0,0,0,Benign
0,0,0,0,0,0,0,0,Benign
1760,0,0,0,0,0,0,0,Benign
0,0,0,0,0,0,0,0,Benign
0,0,0,0,0,0,0,0,Benign
5088,0,0,0,0,0,0,0,Benign
0,0,0,0,0,0,0,0,Benign
0,0,0,0,0,0,0,0,Benign
15610,0,0,0,0,0,0,0,Benign
0,0,0,0,0,0,0,0,Benign
0,0,0,0,0,0,0,0,Benign
0,0,0,0,0,0,0,0,Benign
202,0,0,0,0,0,0,0,Benign
64,0,0,0,0,0,0,0,Benign
0,0,0,0,0,0,0,0,Benign
0,0,0,0,0,0,0,0,Benign
50,0,0,0,0,0,0,0,Benign
12460,0,0,0,0,0,0,0,Benign
0,0,0,0,0,0,0,0,Benign
0,0,0,0,0,0,0,0,Benign
11940,0,0,0,0,0,0,0,Benign
0,0,0,0,0,0,0,0,Benign
60,0,0,0,0,0,0,0,Benign
0,0,0,0,0,0,0,0,Benign
130,0,0,0,0,0,0,0,Benign
0,0,0,0,0,0,0,0,Benign
0,0,0,0,0,0,0,0,Benign
0,0,0,0,0,0,0,0,Benign
1378,0,0,0,0,0,0,0,Benign
0,0,0,0,0,0,0,0,Benign
0,0,0,0,0,0,0,0,Benign
0,0,0,0,0,0,0,0,Benign
0,0,0,0,0,0,0,0,Benign
0,0,0,0,0,0,0,0,Benign
126,0,0,0,0,0,0,0,Benign
328885,0,0,0,0,0,0,0,Benign
244,0,0,0,0,0,0,0,Benign
736,0,0,0,0,0,0,0,Benign
0,0,0,0,0,0,0,0,Benign
0,0,0,0,0,0,0,0,Benign
74,0,0,0,0,0,0,0,Benign
0,0,0,0,0,0,0,0,Benign
9814,0,0,0,0,0,0,0,Benign
0,0,0,0,0,0,0,0,Benign
0,0,0,0,0,0,0,0,Benign
0,0,0,0,0,0,0,0,Benign
2870,0,0,0,0,0,0,0,Benign
9168,0,0,0,0,0,0,0,Benign
0,0,0,0,0,0,0,0,Benign
0,0,0,0,0,0,0,0,Benign
0,0,0,0,0,0,0,0,Benign
0,0,0,0,0,0,0,0,Benign
426,0,0,0,0,0,0,0,Benign
332,0,0,0,0,0,0,0,Benign
0,0,0,0,0,0,0,0,Benign
0,0,0,0,0,0,0,0,Benign
148,0,0,0,0,0,0,0,Benign
0,0,0,0,0,0,0,0,Benign
0,0,0,0,0,0,0,0,Benign
0,0,0,0,0,0,0,0,Benign
421,0,0,0,0,0,0,0,Benign
0,0,0,0,0,0,0,0,Benign
0,0,0,0,0,0,0,0,Benign
0,0,0,0,0,0,0,0,Benign
0,0,0,0,0,0,0,0,Benign
0,8,0,0,0,0,0,0,Benign
0,0,0,0,0,0,0,0,Benign
0,0,0,0,0,0,0,0,Benign
0,0,0,0,0,0,0,0,Benign
18,0,0,0,0,0,0,0,Benign
0,0,0,0,0,0,0,0,Benign
0,0,0,0,0,0,0,0,Benign
0,0,0,0,0,0,0,0,Benign
0,0,0,0,0,0,0,0,Benign
0,0,0,0,0,0,0,0,Benign
0,0,0,0,0,0,0,0,Benign
0,0,0,0,0,0,0,0,Benign
5088,0,0,0,0,0,0,0,Benign
0,0,0,0,0,0,0,0,Benign
0,0,0,0,0,0,0,0,Benign
0,0,0,0,0,0,0,0,Benign
0,0,0,0,0,0,0,0,Benign
0,0,0,0,0,0,0,0,Benign
872,0,0,0,0,0,0,0,Benign
872,0,0,0,0,0,0,0,Benign
0,0,0,0,0,0,0,0,Benign
284,0,0,0,0,0,0,0,Benign
704,0,0,0,0,0,0,0,Benign
3206,0,0,0,0,0,0,0,Benign
438,0,0,0,0,0,0,0,Benign
0,0,0,0,0,0,0,0,Benign
698,0,0,0,0,0,0,0,Benign
512,0,0,0,0,0,0,0,Benign
3226,0,0,0,0,0,0,0,Benign
0,0,0,0,0,0,0,0,Benign
0,0,0,0,0,0,0,0,Benign
726,0,0,0,0,0,0,0,Benign
442,0,0,0,0,0,0,0,Benign
0,0,0,0,0,0,0,0,Benign
208,0,0,0,0,0,0,0,Benign
0,0,0,0,0,0,0,0,Benign
0,0,0,0,0,0,0,0,Benign
102693,0,0,0,0,0,0,0,Benign
0,0,0,0,0,0,0,0,Benign
0,0,0,0,0,0,0,0,Benign
138,0,0,0,0,0,0,0,Benign
0,0,0,0,0,0,0,0,Benign
0,0,0,0,0,0,0,0,Benign
0,0,0,0,0,0,0,0,Benign
0,0,0,0,0,0,0,0,Benign
0,0,0,0,0,0,0,0,Benign
222,0,0,0,0,0,0,0,Benign
12858,0,0,0,0,0,0,0,Benign
0,0,0,0,0,0,0,0,Benign
72,0,0,0,0,0,0,0,Benign
10,0,0,0,0,0,0,0,Benign
1308,0,0,0,0,0,0,0,Benign
6500,0,0,0,0,0,0,0,Benign
0,0,0,0,0,0,0,0,Benign
656,0,0,0,0,0,0,0,Benign
3358,0,0,0,0,0,0,0,Benign
1688,0,0,0,0,0,0,0,Benign
0,0,0,0,0,0,0,0,Benign
0,0,0,0,0,0,0,0,Benign
0,0,0,0,0,0,0,0,Benign
0,0,0,0,0,0,0,0,Benign
422,0,0,0,0,0,0,0,Benign
0,0,0,0,0,0,0,0,Benign
456,0,0,0,0,0,0,0,Benign
0,0,0,0,0,0,0,0,Benign
0,0,0,0,0,0,0,0,Benign
364,0,0,0,0,0,0,0,Benign
0,0,0,0,0,0,0,0,Benign
0,0,0,0,0,0,0,0,Benign
310,0,0,0,0,0,0,0,Benign
0,0,0,0,0,0,0,0,Benign
116,0,0,0,0,0,0,0,Benign
0,0,0,0,0,0,0,0,Benign
0,0,0,0,0,0,0,0,Benign
414,0,0,0,0,0,0,0,Benign
0,0,0,0,0,0,0,0,Benign
0,0,0,0,0,0,0,0,Benign
158,0,0,0,0,0,0,0,Benign
0,0,0,0,0,0,0,0,Benign
0,0,0,0,0,0,0,0,Benign
0,0,0,0,0,0,0,0,Benign
0,0,0,0,0,0,0,0,Benign
94,0,0,0,0,0,0,0,Benign
0,0,0,0,0,0,0,0,Benign
8616,0,0,0,0,0,0,0,Benign
0,0,0,0,0,0,0,0,Benign
0,0,0,0,0,0,0,0,Benign
0,0,0,0,0,0,0,0,Benign
0,0,0,0,0,0,0,0,Benign
0,0,0,0,0,0,0,0,Benign
0,0,0,0,0,0,0,0,Benign
0,0,0,0,0,0,0,0,Benign
0,0,0,0,0,0,0,0,Benign
0,0,0,0,0,0,0,0,Benign
0,0,0,0,0,0,0,0,Benign
0,0,0,0,0,0,0,0,Benign
0,0,0,0,0,0,0,0,Benign
222,0,0,0,0,0,0,0,Benign
0,0,0,0,0,0,0,0,Benign
0,0,0,0,0,0,0,0,Benign
0,0,0,0,0,0,0,0,Benign
0,0,0,0,0,0,0,0,Benign
0,0,0,0,0,0,0,0,Benign
0,0,0,0,0,0,0,0,Benign
0,0,0,0,0,0,0,0,Benign
0,0,0,0,0,0,0,0,Benign
222,0,0,0,0,0,0,0,Benign
2310,0,0,0,0,0,0,0,Benign
0,0,0,0,0,0,0,0,Benign
0,0,0,0,0,0,0,0,Benign
240,0,0,0,0,0,0,0,Benign
138,0,0,0,0,0,0,0,Benign
8,0,0,0,0,0,0,0,Benign
0,0,0,0,0,0,0,0,Benign
1030,0,0,0,0,0,0,0,Benign
0,0,0,0,0,0,0,0,Benign
8,0,0,0,0,0,0,0,Benign
0,0,0,0,0,0,0,0,Benign
0,0,0,0,0,0,0,0,Benign
92,0,0,0,0,0,0,0,Benign
26324,0,0,0,0,0,0,0,Benign
0,0,0,0,0,0,0,0,Benign
0,0,0,0,0,0,0,0,Benign
24,0,0,0,0,0,0,0,Benign
0,0,0,0,0,0,0,0,Benign
0,0,0,0,0,0,0,0,Benign
0,0,0,0,0,0,0,0,Benign
0,0,0,0,0,0,0,0,Benign
262,0,0,0,0,0,0,0,Benign
0,0,0,0,0,0,0,0,Benign
0,0,0,0,0,0,0,0,Benign
456,0,0,0,0,0,0,0,Benign
0,0,0,0,0,0,0,0,Benign
7314,0,0,0,0,0,0,0,Benign
4,0,0,0,0,0,0,0,Benign
0,0,0,0,0,0,0,0,Benign
0,0,0,0,0,0,0,0,Benign
400,0,0,0,0,0,0,0,Benign
976,0,0,0,0,0,0,0,Benign
0,0,0,0,0,0,0,0,Benign
0,0,0,0,0,0,0,0,Benign
0,0,0,0,0,0,0,0,Benign
0,0,0,0,0,0,0,0,Benign
0,0,0,0,0,0,0,0,Benign
76122,0,0,0,0,0,0,0,Benign
0,0,0,0,0,0,0,0,Benign
0,0,0,0,0,0,0,0,Benign
0,0,0,0,0,0,0,0,Benign
0,0,0,0,0,0,0,0,Benign
2447,0,0,0,0,0,0,0,Benign
9817,0,0,0,0,0,0,0,Benign
0,0,0,0,0,0,0,0,Benign
0,0,0,0,0,0,0,0,Benign
3182,0,0,0,0,0,0,0,Benign
0,0,0,0,0,0,0,0,Benign
0,0,0,0,0,0,0,0,Benign
0,0,0,0,0,0,0,0,Benign
0,0,0,0,0,0,0,0,Benign
0,0,0,0,0,0,0,0,Benign
0,0,0,0,0,0,0,0,Benign
5918,0,0,0,0,0,0,0,Benign
0,0,0,0,0,0,0,0,Benign
0,0,0,0,0,0,0,0,Benign
9466,0,0,0,0,0,0,0,Benign
10006,0,0,0,0,0,0,0,Benign
4652,0,0,0,0,0,0,0,Benign
0,0,0,0,0,0,0,0,Benign
6302,0,0,0,0,0,0,0,Benign
114,0,0,0,0,0,0,0,Benign
2303,0,0,0,0,0,0,0,Benign
792,0,0,0,0,0,0,0,Benign
0,0,0,0,0,0,0,0,Benign
284,0,0,0,0,0,0,0,Benign
7134,0,0,0,0,0,0,0,Benign
18,0,0,0,0,0,0,0,Benign
17488,0,0,0,0,0,0,0,Benign
0,0,0,0,0,0,0,0,Benign
125458,0,0,0,0,0,0,0,Benign
670,0,0,0,0,0,0,0,Benign
280,0,0,0,0,0,0,0,Benign
0,0,0,0,0,0,0,0,Benign
0,0,0,0,0,0,0,0,Benign
0,0,0,0,0,0,0,0,Benign
37704,0,0,0,0,0,0,0,Benign
0,0,0,0,0,0,0,0,Benign
0,0,0,0,0,0,0,0,Benign
0,0,0,0,0,0,0,0,Benign
0,0,0,0,0,0,0,0,Benign
0,0,0,0,0,0,0,0,Benign
0,0,0,0,0,0,0,0,Benign
15654,0,0,0,0,0,0,0,Benign
0,0,0,0,0,0,0,0,Benign
0,0,0,0,0,0,0,0,Benign
43802,0,0,0,0,0,0,0,Benign
0,0,0,0,0,0,0,0,Benign
0,0,0,0,0,0,0,0,Benign
68,0,0,0,0,0,0,0,Benign
1754,0,0,0,0,0,0,0,Benign
6982,0,0,0,0,0,0,0,Benign
0,0,0,0,0,0,0,0,Benign
109165086,0,0,0,0,0,0,0,Benign
0,0,0,0,0,0,0,0,Benign
0,0,0,0,0,0,0,0,Benign
5376,0,0,0,0,0,0,0,Benign
0,0,0,0,0,0,0,0,Benign
0,0,0,0,0,0,0,0,Benign
74,0,0,0,0,0,0,0,Benign
0,0,0,0,0,0,0,0,Benign
0,0,0,0,0,0,0,0,Benign
11126,0,0,0,0,0,0,0,Benign
0,0,0,0,0,0,0,0,Benign
0,0,0,0,0,0,0,0,Benign
0,0,0,0,0,0,0,0,Benign
0,0,0,0,0,0,0,0,Benign
0,0,0,0,0,0,0,0,Benign
0,0,0,0,0,0,0,0,Benign
0,0,0,0,0,0,0,0,Benign
78,0,0,0,0,0,0,0,Benign
9120,0,0,0,0,0,0,0,Benign
0,0,0,0,0,0,0,0,Benign
11166,0,0,0,0,0,0,0,Benign
0,0,0,0,0,0,0,0,Benign
0,0,0,0,0,0,0,0,Benign
284,0,0,0,0,0,0,0,Benign
762,0,0,0,0,0,0,0,Benign
68,0,0,0,0,0,0,0,Benign
0,0,0,0,0,0,0,0,Benign
0,8,0,0,0,0,0,0,Benign
3226,0,0,0,0,0,0,0,Benign
0,0,0,0,0,0,0,0,Benign
0,0,0,0,0,0,0,0,Benign
7088,0,0,0,0,0,0,0,Benign
426,0,0,0,0,0,0,0,Benign
0,0,0,0,0,0,0,0,Benign
0,0,0,0,0,0,0,0,Benign
0,0,0,0,0,0,0,0,Benign
0,0,0,0,0,0,0,0,Benign
0,0,0,0,0,0,0,0,Benign
24,0,0,0,0,0,0,0,Benign
284,0,0,0,0,0,0,0,Benign
0,0,0,0,0,0,0,0,Benign
0,0,0,0,0,0,0,0,Benign
0,0,0,0,0,0,0,0,Benign
5880,0,0,0,0,0,0,0,Benign
6206559826,0,0,0,0,0,0,0,Benign
726,0,0,0,0,0,0,0,Benign
102693,0,0,0,0,0,0,0,Benign
0,0,0,0,0,0,0,0,Benign
0,0,0,0,0,0,0,0,Benign
454,0,0,0,0,0,0,0,Benign
1308,0,0,0,0,0,0,0,Benign
778,0,0,0,0,0,0,0,Benign
2569,0,0,0,0,0,0,0,Benign
0,0,0,0,0,0,0,0,Benign
1524,0,0,0,0,0,0,0,Benign
303,0,0,0,0,0,0,0,Benign
94,0,0,0,0,0,0,0,Benign
6315759636,0,0,0,0,0,0,0,Benign
162,0,0,0,0,0,0,0,Benign
2596,0,0,0,0,0,0,0,Benign
253,0,0,0,0,0,0,0,Benign
0,0,0,0,0,0,0,0,Benign
4724,0,0,0,0,0,0,0,Benign
612,0,0,0,0,0,0,0,Benign
307,0,0,0,0,0,0,0,Benign
78,0,0,0,0,0,0,0,Benign
0,0,0,0,0,0,0,0,Benign
7562,0,0,0,0,0,0,0,Benign
0,0,0,0,0,0,0,0,Benign
0,0,0,0,0,0,0,0,Benign
204,0,0,0,0,0,0,0,Benign
1270,0,0,0,0,0,0,0,Benign
288009,0,0,0,0,0,0,0,Benign
0,0,0,0,0,0,0,0,Benign
0,0,0,0,0,0,0,0,Benign
58,0,0,0,0,0,0,0,Benign
0,0,0,0,0,0,0,0,Benign
9814,0,0,0,0,0,0,0,Benign
0,0,0,0,0,0,0,0,Benign
2870,0,0,0,0,0,0,0,Benign
39926,0,0,0,0,0,0,0,Benign
0,0,0,0,0,0,0,0,Benign
0,0,0,0,0,0,0,0,Benign
0,0,0,0,0,0,0,0,Benign
0,0,0,0,0,0,0,0,Benign
3922,0,0,0,0,0,0,0,Benign
0,0,0,0,0,0,0,0,Benign
191643071,0,0,0,0,0,0,0,Benign
0,0,0,0,0,0,0,0,Benign
0,0,0,0,0,0,0,0,Benign
0,0,0,0,0,0,0,0,Benign
0,0,0,0,0,0,0,0,Benign
0,0,0,0,0,0,0,0,Benign
194,0,0,0,0,0,0,0,Benign
0,0,0,0,0,0,0,0,Benign
0,0,0,0,0,0,0,0,Benign
0,0,0,0,0,0,0,0,Benign
0,0,0,0,0,0,0,0,Benign
0,0,0,0,0,0,0,0,Benign
0,0,0,0,0,0,0,0,Benign
0,0,0,0,0,0,0,0,Benign
0,0,0,0,0,0,0,0,Benign
11132,0,0,0,0,0,0,0,Benign
0,0,0,0,0,0,0,0,Benign
0,0,0,0,0,0,0,0,Benign
0,0,0,0,0,0,0,0,Benign
0,0,0,0,0,0,0,0,Benign
0,0,0,0,0,0,0,0,Benign
426,0,0,0,0,0,0,0,Benign
0,0,0,0,0,0,0,0,Benign
0,0,0,0,0,0,0,0,Benign
0,0,0,0,0,0,0,0,Benign
0,0,0,0,0,0,0,0,Benign
0,0,0,0,0,0,0,0,Benign
0,0,0,0,0,0,0,0,Benign
923,0,0,0,0,0,0,0,Benign
13444,0,0,0,0,0,0,0,Benign
9960,0,0,0,0,0,0,0,Benign
16282,0,0,0,0,0,0,0,Benign
0,0,0,0,0,0,0,0,Benign
14118,0,0,0,0,0,0,0,Benign
65882,0,0,0,0,0,0,0,Benign
999068,0,1,0,0,0,0,1,Malware
416380424,1,0,1,0,0,0,0,Malware
28018241,0,0,1,0,0,0,0,Malware
425521275,1,1,0,0,0,0,1,Malware
289121940,0,1,0,0,0,0,1,Malware
7523546,1,0,0,0,0,0,0,Malware
15407034,1,0,0,0,0,0,0,Malware
244140014,1,1,0,0,0,0,1,Malware
41982198,1,0,0,0,0,0,0,Malware
230764736,1,0,0,0,0,0,0,Malware
1998,0,1,0,0,0,0,1,Malware
154,0,1,0,0,0,0,1,Malware
4977258,1,0,0,0,0,0,0,Malware
805550,0,1,0,0,0,0,1,Malware
789550,0,1,0,0,0,0,1,Malware
0,0,0,0,0,0,0,0,Malware
216967506,1,1,0,0,0,0,1,Malware
0,0,0,0,0,0,0,0,Malware
15407034,1,0,0,0,0,0,0,Malware
238272858,1,0,0,0,0,0,0,Malware
667533384,1,1,1,0,0,0,1,Malware
28018241,0,0,1,0,0,0,0,Malware
425521275,1,1,0,0,0,0,1,Malware
230987688,0,1,0,0,0,0,1,Malware
418778026,1,0,1,0,0,0,0,Malware
498952936,1,0,0,0,0,0,0,Malware
168741400,1,0,0,0,0,0,0,Malware
416380424,1,0,1,0,0,0,0,Malware
7523546,1,0,0,0,0,0,0,Malware
4977258,1,0,0,0,0,0,0,Malware
213906862,1,1,0,0,0,0,1,Malware
425521277,1,1,0,0,0,0,1,Malware
664251160,1,1,1,0,0,0,1,Malware
664251160,1,1,1,0,0,0,1,Malware
1381368,1,1,0,0,0,0,1,Malware
991268,1,1,0,0,0,0,1,Malware
1086374,1,1,0,0,0,0,1,Malware
291182304,0,1,0,0,0,0,1,Malware
999734,1,1,0,0,0,0,1,Malware
1074614,1,1,0,0,0,0,1,Malware
864680,0,1,0,0,0,0,1,Malware
1008236,1,1,0,0,0,0,1,Malware
239247374,1,1,0,0,0,0,1,Malware
289831222,0,1,0,0,0,0,1,Malware
1019628,1,1,0,0,0,0,1,Malware
1016774,1,1,0,0,0,0,1,Malware
994086,1,1,0,0,0,0,1,Malware
1161326,1,1,0,0,0,0,1,Malware
115498440,0,1,0,0,0,0,1,Malware
1998,0,1,0,0,0,0,1,Malware
1008236,1,1,0,0,0,0,1,Malware
1021412036,1,1,0,0,0,0,1,Malware
227572882,1,0,0,0,0,0,0,Malware
1013924,1,1,0,0,0,0,1,Malware
1013924,1,1,0,0,0,0,1,Malware
1048388,1,1,0,0,0,0,1,Malware
1095236,1,1,0,0,0,0,1,Malware
805550,0,1,0,0,0,0,1,Malware
4224,0,1,0,0,0,0,1,Malware
1033958,1,1,0,0,0,0,1,Malware
1016774,1,1,0,0,0,0,1,Malware
1013924,1,1,0,0,0,0,1,Malware
1045494,1,1,0,0,0,0,1,Malware
196518322,1,1,0,0,0,0,1,Malware
1062916,1,1,0,0,0,0,1,Malware
1028214,1,1,0,0,0,0,1,Malware
127441716,0,1,0,0,0,0,1,Malware
289372290,0,1,0,0,0,0,1,Malware
1011078,1,1,0,0,0,0,1,Malware
289734194,0,1,0,0,0,0,1,Malware
288348984,0,1,0,0,0,0,1,Malware
1022486,1,1,0,0,0,0,1,Malware
1002564,1,1,0,0,0,0,1,Malware
1036836,1,1,0,0,0,0,1,Malware
1011078,1,1,0,0,0,0,1,Malware
953172,0,1,0,0,0,0,1,Malware
1019628,1,1,0,0,0,0,1,Malware
1013924,1,1,0,0,0,0,1,Malware
239334878,1,1,0,0,0,0,1,Malware
1025348,1,1,0,0,0,0,1,Malware
291324988,0,1,0,0,0,0,1,Malware
1914942,0,1,0,0,0,0,1,Malware
1005398,1,1,0,0,0,0,1,Malware
823648,0,1,0,0,0,0,1,Malware
1909,0,1,0,0,0,0,1,Malware
1028214,1,1,0,0,0,0,1,Malware
245290584,1,1,0,0,0,0,1,Malware
1025348,1,1,0,0,0,0,1,Malware
1008236,1,1,0,0,0,0,1,Malware
1013924,1,1,0,0,0,0,1,Malware
1013924,1,1,0,0,0,0,1,Malware
288820106,0,1,0,0,0,0,1,Malware
254262458,1,1,0,0,0,0,1,Malware
1011078,1,1,0,0,0,0,1,Malware
1107110,1,1,0,0,0,0,1,Malware
862,0,1,0,0,0,0,1,Malware
241396726,1,1,0,0,0,0,1,Malware
1025348,1,1,0,0,0,0,1,Malware
994086,1,1,0,0,0,0,1,Malware
1008236,1,1,0,0,0,0,1,Malware
988454,1,1,0,0,0,0,1,Malware
239072254,1,1,0,0,0,0,1,Malware
289121940,0,1,0,0,0,0,1,Malware
1167428,1,1,0,0,0,0,1,Malware
1008236,1,1,0,0,0,0,1,Malware
5151004,1,0,0,0,0,0,0,Malware
239028598,1,1,0,0,0,0,1,Malware
1051286,1,1,0,0,0,0,1,Malware
5151004,1,0,0,0,0,0,0,Malware
1008356,1,1,0,0,0,0,1,Malware
238766142,1,1,0,0,0,0,1,Malware
1068758,1,1,0,0,0,0,1,Malware
1013924,1,1,0,0,0,0,1,Malware
789550,0,1,0,0,0,0,1,Malware
240825566,1,1,0,0,0,0,1,Malware
20902,0,1,0,0,0,0,1,Malware
1022486,1,1,0,0,0,0,1,Malware
760250,0,1,0,0,0,0,1,Malware
1083428,1,1,0,0,0,0,1,Malware
244140014,1,1,0,0,0,0,1,Malware
1022486,1,1,0,0,0,0,1,Malware
1028214,1,1,0,0,0,0,1,Malware
1022486,1,1,0,0,0,0,1,Malware
42144,0,0,0,0,0,0,0,Malware
216967506,1,1,0,0,0,0,1,Malware
1011078,1,1,0,0,0,0,1,Malware
154,0,1,0,0,0,0,1,Malware
999068,0,1,0,0,0,0,1,Malware
1005398,1,1,0,0,0,0,1,Malware
256432272,1,1,0,0,0,0,1,Malware
1005398,1,1,0,0,0,0,1,Malware
1095236,1,1,0,0,0,0,1,Malware
216967506,1,1,0,0,0,0,1,Malware
1016774,1,1,0,0,0,0,1,Malware
123321472,0,1,0,0,0,0,1,Malware
1028214,1,1,0,0,0,0,1,Malware
1008236,1,1,0,0,0,0,1,Malware
1005398,1,1,0,0,0,0,1,Malware
240649922,1,1,0,0,0,0,1,Malware
29090,0,1,0,0,0,0,1,Malware
1011078,1,1,0,0,0,0,1,Malware
999734,1,1,0,0,0,0,1,Malware
23201502,0,1,0,0,0,0,1,Malware
821514,0,1,0,0,0,0,1,Malware
1025348,1,1,0,0,0,0,1,Malware
216967506,1,1,0,0,0,0,1,Malware
1036836,1,1,0,0,0,0,1,Malware
181131076,1,1,0,0,0,0,1,Malware
729880,0,1,0,0,0,0,1,Malware
1005398,1,1,0,0,0,0,1,Malware
290012810,0,1,0,0,0,0,1,Malware
996908,1,1,0,0,0,0,1,Malware
1057094,1,1,0,0,0,0,1,Malware
935806,0,1,0,0,0,0,1,Malware
1033958,1,1,0,0,0,0,1,Malware
890980,0,1,0,0,0,0,1,Malware
238766142,1,1,0,0,0,0,1,Malware
1002564,1,1,0,0,0,0,1,Malware
1013924,1,1,0,0,0,0,1,Malware
240694420,1,1,0,0,0,0,1,Malware
1005398,1,1,0,0,0,0,1,Malware
79647524,1,1,0,0,0,0,1,Malware
240387170,1,1,0,0,0,0,1,Malware
1002564,1,1,0,0,0,0,1,Malware
5151004,1,0,0,0,0,0,0,Malware
922120,1,1,0,0,0,0,1,Malware
999734,1,1,0,0,0,0,1,Malware
1002564,1,1,0,0,0,0,1,Malware
216967506,1,1,0,0,0,0,1,Malware
932914,0,1,0,0,0,0,1,Malware
1048388,1,1,0,0,0,0,1,Malware
1005398,1,1,0,0,0,0,1,Malware
1013924,1,1,0,0,0,0,1,Malware
1028214,1,1,0,0,0,0,1,Malware
1011078,1,1,0,0,0,0,1,Malware
1062916,1,1,0,0,0,0,1,Malware
42144,0,0,0,0,0,0,0,Malware
442,0,0,0,0,0,0,0,Malware
1119046,1,1,0,0,0,0,1,Malware
1042604,1,1,0,0,0,0,1,Malware
1013924,1,1,0,0,0,0,1,Malware
991268,1,1,0,0,0,0,1,Malware
289388748,0,1,0,0,0,0,1,Malware
1011078,1,1,0,0,0,0,1,Malware
290575998,0,1,0,0,0,0,1,Malware
1005398,1,1,0,0,0,0,1,Malware
1031084,1,1,0,0,0,0,1,Malware
1019628,1,1,0,0,0,0,1,Malware
1054188,1,1,0,0,0,0,1,Malware
1016774,1,1,0,0,0,0,1,Malware
1013924,1,1,0,0,0,0,1,Malware
999734,1,1,0,0,0,0,1,Malware
1011078,1,1,0,0,0,0,1,Malware
254939712,1,1,0,0,0,0,1,Malware
288215840,0,1,0,0,0,0,1,Malware
1019628,1,1,0,0,0,0,1,Malware
22732,0,1,0,0,0,0,1,Malware
1013924,1,1,0,0,0,0,1,Malware
1005398,1,1,0,0,0,0,1,Malware
1039718,1,1,0,0,0,0,1,Malware
1013924,1,1,0,0,0,0,1,Malware
1008236,1,1,0,0,0,0,1,Malware
1022486,1,1,0,0,0,0,1,Malware
53197458,1,1,0,0,0,0,1,Malware
204399792,1,0,1,0,0,0,0,Malware
946726,1,1,0,0,0,0,1,Malware
219281606,1,0,0,0,0,0,0,Malware
1145450298,0,1,0,0,0,0,1,Malware
584,0,1,0,0,0,0,0,Malware
199980000,0,0,0,0,0,1,0,Malware
622556336,1,0,0,0,0,0,0,Malware
230987660,0,1,0,0,0,0,1,Malware
1013924,1,1,0,0,0,0,1,Malware
1242934,0,1,0,0,0,0,1,Malware
10339832,0,1,0,0,0,0,1,Malware
16861232,1,0,0,0,0,0,0,Malware
476761378,1,0,0,0,0,0,0,Malware
2184,0,1,0,0,0,0,1,Malware
270810386,1,0,0,0,0,0,0,Malware
3512239972,1,1,0,0,0,0,1,Malware
493313736,1,1,0,0,0,0,1,Malware
0,1,0,0,0,0,0,0,Malware
264568180,0,0,0,0,0,0,0,Malware
3880238437,1,1,0,0,0,0,1,Malware
144036000,0,0,0,0,0,0,0,Malware
28022661,0,0,1,0,0,0,0,Malware
2382,0,1,0,0,0,0,0,Malware
2406,0,1,0,0,0,0,1,Malware
27997842,0,0,1,0,0,0,0,Malware
1937086,0,0,0,0,0,0,0,Malware
459384696,0,0,1,0,0,0,0,Malware
0,0,0,0,0,0,0,0,Malware
11961698,0,1,0,0,0,0,1,Malware
2370,0,1,0,0,0,0,0,Malware
43571466,1,0,0,0,0,0,0,Malware
2264974,1,0,0,0,0,0,0,Malware
501139482,1,0,0,0,0,0,0,Malware
5151004,1,0,0,0,0,0,0,Malware
16568958,0,0,0,0,0,0,0,Malware
426708931,1,1,0,0,0,0,1,Malware
28017884,0,0,1,0,0,0,0,Malware
157406010,1,1,0,0,0,0,1,Malware
991268,1,1,0,0,0,0,1,Malware
96467812,1,0,0,0,0,0,0,Malware
334,0,1,0,0,0,0,1,Malware
48414022,1,0,0,0,0,0,0,Malware
24,0,1,0,0,0,0,1,Malware
113273700,1,0,0,0,0,0,0,Malware
1242950,0,1,0,0,0,0,1,Malware
328,0,1,0,0,0,0,1,Malware
188751618,1,0,0,0,0,0,0,Malware
235893010,1,0,0,0,0,0,0,Malware
665489260,1,0,0,0,0,0,0,Malware
10592202,0,1,0,0,0,0,1,Malware
28010025,0,0,1,0,0,0,0,Malware
427895558,1,0,0,0,0,0,0,Malware
118119026,1,0,0,0,0,0,0,Malware
903204,1,1,0,0,0,0,1,Malware
328487586,0,0,0,1,0,0,0,Malware
424449770,1,1,0,0,0,0,1,Malware
264368794,0,0,0,0,0,0,0,Malware
55378424,0,0,1,0,0,0,0,Malware
524,0,1,0,0,0,0,1,Malware
1500036,1,1,0,0,0,0,1,Malware
999734,1,1,0,0,0,0,1,Malware
11638734,0,1,0,0,0,0,1,Malware
185638240,0,0,0,0,0,0,0,Malware
11066004,0,1,0,0,0,0,1,Malware
95805362,0,1,0,0,0,0,1,Malware
10650814,0,1,0,0,0,0,1,Malware
28006802,0,0,1,0,0,0,0,Malware
1039718,1,1,0,0,0,0,1,Malware
98469810,1,0,0,0,0,0,0,Malware
0,0,0,0,0,0,0,0,Malware
108,0,0,0,0,0,0,0,Malware
285356196,0,1,0,0,0,0,1,Malware
160554910,1,0,0,0,0,0,0,Malware
687278948,1,1,0,0,0,0,1,Malware
1242950,0,1,0,0,0,0,1,Malware
289261004,0,1,0,0,0,0,1,Malware
430647002,1,1,0,0,0,0,1,Malware
1162639918,1,1,0,0,0,0,1,Malware
662243934,1,1,0,0,0,0,1,Malware
159363356,1,0,0,0,0,0,0,Malware
212043390,0,0,0,0,0,0,0,Malware
1879637634,1,0,0,0,0,0,0,Malware
264368794,0,0,0,0,0,0,0,Malware
10827792,0,1,0,0,0,0,1,Malware
1068758,1,1,0,0,0,0,1,Malware
0,0,0,0,0,0,0,0,Malware
196357656,0,0,1,0,0,0,0,Malware
428227302,1,1,0,0,0,0,1,Malware
160,0,1,0,0,0,0,1,Malware
1207008628,1,1,0,0,0,0,1,Malware
426142941,1,1,0,0,0,0,1,Malware
165187966,1,0,0,0,0,0,0,Malware
2358,0,1,0,0,0,0,0,Malware
11961698,0,1,0,0,0,0,1,Malware
3821108332,1,1,0,0,0,0,1,Malware
1022486,1,1,0,0,0,0,1,Malware
48413962,1,0,0,0,0,0,0,Malware
16132260,0,0,0,0,0,0,0,Malware
415232074,1,1,0,0,0,0,1,Malware
2880010238,1,0,0,0,0,0,0,Malware
0,0,0,0,0,0,0,0,Malware
96484316,1,0,0,0,0,0,0,Malware
27998874,0,0,1,0,0,0,0,Malware
201614480,0,0,0,0,0,0,0,Malware
3676026,1,0,0,0,0,0,0,Malware
435049362,1,0,0,0,0,0,0,Malware
63400,0,0,0,0,0,0,0,Malware
1005398,1,1,0,0,0,0,1,Malware
475479244,1,0,0,0,0,0,0,Malware
1672620,1,0,0,0,0,0,0,Malware
27997355,0,0,1,0,0,0,0,Malware
3676026,1,0,0,0,0,0,0,Malware
615388216,1,1,0,0,0,0,1,Malware
219331330,1,0,0,0,0,0,0,Malware
28019370,0,0,1,0,0,0,0,Malware
2348,0,1,0,0,0,0,0,Malware
424449769,1,1,0,0,0,0,1,Malware
459384696,0,0,1,0,0,0,0,Malware
814124,1,1,0,0,0,0,1,Malware
5482,1,0,0,0,0,0,0,Malware
1005398,1,1,0,0,0,0,1,Malware
48413960,1,0,0,0,0,0,0,Malware
57632042,1,0,0,0,0,0,0,Malware
27210987,0,0,1,0,0,0,0,Malware
424449769,1,1,0,0,0,0,1,Malware
264367980,0,0,0,0,0,0,0,Malware
425860245,1,1,0,0,0,0,1,Malware
290864164,0,1,0,0,0,0,1,Malware
425860245,1,1,0,0,0,0,1,Malware
188751618,1,0,0,0,0,0,0,Malware
212849102,1,0,0,0,0,0,0,Malware
196845294,1,0,1,0,0,0,0,Malware
1033958,1,1,0,0,0,0,1,Malware
300033080,0,0,0,0,0,0,0,Malware
503433402,1,0,0,0,0,0,0,Malware
120,0,1,0,0,0,0,1,Malware
426142939,1,1,0,0,0,0,1,Malware
0,0,0,0,0,0,0,0,Malware
28019370,0,0,1,0,0,0,0,Malware
5154196,1,0,0,0,0,0,0,Malware
171561609,1,0,1,0,0,0,0,Malware
27233353,0,0,1,0,0,0,0,Malware
160,0,1,0,0,0,0,1,Malware
27975274,0,0,1,0,0,0,0,Malware
28012947,0,0,1,0,0,0,0,Malware
289261004,0,1,0,0,0,0,1,Malware
1128230806,1,1,0,0,0,0,1,Malware
32091188,1,0,0,0,0,0,0,Malware
3562586768,1,1,0,0,0,0,1,Malware
258,0,1,0,0,0,0,1,Malware
996908,1,1,0,0,0,0,1,Malware
0,0,0,0,0,0,0,0,Malware
22916388,0,1,0,0,0,0,1,Malware
4691512,1,1,0,0,0,0,1,Malware
424449769,1,1,0,0,0,0,1,Malware
115648992,0,1,0,0,0,0,1,Malware
424449769,1,1,0,0,0,0,1,Malware
574,0,1,0,0,0,0,1,Malware
27955151,0,0,1,0,0,0,0,Malware
16309470,0,0,0,0,0,0,0,Malware
424449769,1,1,0,0,0,0,1,Malware
11266504,0,1,0,0,0,0,1,Malware
10527162,0,1,0,0,0,0,1,Malware
218237590,1,1,0,0,0,0,1,Malware
239038044,1,0,0,0,0,0,0,Malware
0,0,0,0,0,0,0,0,Malware
0,0,0,0,0,0,0,0,Malware
290492254,0,1,0,0,0,0,1,Malware
163896414,1,0,0,0,0,0,0,Malware
258,0,0,0,0,0,0,0,Malware
999734,1,1,0,0,0,0,1,Malware
11079304,0,1,0,0,0,0,1,Malware
438,0,1,0,0,0,0,1,Malware
334,0,1,0,0,0,0,1,Malware
1008236,1,1,0,0,0,0,1,Malware
72364,0,0,0,0,0,0,0,Malware
920969744,1,1,0,0,0,0,1,Malware
144036000,0,0,0,0,0,0,0,Malware
424449769,1,1,0,0,0,0,1,Malware
1011078,1,1,0,0,0,0,1,Malware
43585008,1,0,0,0,0,0,0,Malware
3687800545,1,1,0,0,0,0,1,Malware
50030002,1,0,0,0,0,0,0,Malware
2354,0,1,0,0,0,0,0,Malware
10670404,0,1,0,0,0,0,1,Malware
44745,1,1,1,1,1,1,1,Malware
21274,1,0,1,0,1,0,1,Malware
1705189,1,1,1,1,1,0,1,Malware
877452,1,1,1,1,1,0,1,Malware
20380,1,0,1,1,1,0,1,Malware
143592,1,1,1,1,1,1,1,Malware
786551,1,0,1,1,1,1,1,Malware
158788,1,1,1,1,1,0,1,Malware
71205,1,0,1,1,1,0,1,Malware
45836,1,0,1,1,1,0,1,Malware
1790154,1,1,1,1,1,0,1,Malware
140711,1,1,1,1,1,0,1,Malware
140325,1,1,1,1,1,0,1,Malware
372737,1,1,1,1,1,0,1,Malware
478320,1,1,1,1,1,0,1,Malware
43621,1,1,1,1,1,0,1,Malware
201650,1,1,1,1,1,0,1,Malware
157823,1,1,1,1,1,0,1,Malware
156491,1,1,1,1,1,0,1,Malware
67785,1,1,1,1,1,0,1,Malware
298545,1,1,1,1,1,0,1,Malware
54347,1,1,1,1,1,0,1,Malware
68168,1,1,1,1,1,0,1,Malware
42502,1,1,1,1,1,0,1,Malware
72391,1,1,1,1,1,0,1,Malware
47237,1,1,1,1,1,0,1,Malware
63170,1,1,1,1,1,0,1,Malware
725752,1,1,1,1,1,0,1,Malware
271168,1,1,1,1,1,0,1,Malware
66618,1,1,1,1,1,0,1,Malware
73029,1,1,1,1,1,0,1,Malware
1300670,1,1,1,1,1,0,1,Malware
139844,1,1,1,1,1,0,1,Malware
931471,1,1,1,1,1,0,1,Malware
72715,1,1,1,1,1,0,1,Malware
71383,1,1,1,1,1,0,1,Malware
189527,1,1,1,1,1,0,1,Malware
58239,1,1,1,1,1,0,1,Malware
186415,1,1,1,1,1,0,1,Malware
72821,1,1,1,1,1,0,1,Malware
64608,1,1,1,1,1,0,1,Malware
43447,1,1,1,1,1,0,1,Malware
9770641,1,1,1,1,1,0,1,Malware
127310,1,1,1,1,1,0,1,Malware
797169,1,1,1,1,1,0,1,Malware
193206,1,1,1,1,1,0,1,Malware
94617,1,1,1,1,1,0,1,Malware
94500,1,1,1,1,1,0,1,Malware
94623,1,1,1,1,1,0,1,Malware
814318,1,1,1,1,1,0,1,Malware
68650,1,1,1,1,1,0,1,Malware
352199,1,1,1,1,1,0,1,Malware
999068,0,1,0,0,0,0,1,Malware
416380424,1,0,1,0,0,0,0,Malware
28018241,0,0,1,0,0,0,0,Malware
425521275,1,1,0,0,0,0,1,Malware
289121940,0,1,0,0,0,0,1,Malware
7523546,1,0,0,0,0,0,0,Malware
15407034,1,0,0,0,0,0,0,Malware
244140014,1,1,0,0,0,0,1,Malware
41982198,1,0,0,0,0,0,0,Malware
230764736,1,0,0,0,0,0,0,Malware
1998,0,1,0,0,0,0,1,Malware
154,0,1,0,0,0,0,1,Malware
4977258,1,0,0,0,0,0,0,Malware
805550,0,1,0,0,0,0,1,Malware
789550,0,1,0,0,0,0,1,Malware
0,0,0,0,0,0,0,0,Malware
216967506,1,1,0,0,0,0,1,Malware
0,0,0,0,0,0,0,0,Malware
15407034,1,0,0,0,0,0,0,Malware
238272858,1,0,0,0,0,0,0,Malware
667533384,1,1,1,0,0,0,1,Malware
28018241,0,0,1,0,0,0,0,Malware
425521275,1,1,0,0,0,0,1,Malware
230987688,0,1,0,0,0,0,1,Malware
418778026,1,0,1,0,0,0,0,Malware
498952936,1,0,0,0,0,0,0,Malware
168741400,1,0,0,0,0,0,0,Malware
416380424,1,0,1,0,0,0,0,Malware
7523546,1,0,0,0,0,0,0,Malware
4977258,1,0,0,0,0,0,0,Malware
213906862,1,1,0,0,0,0,1,Malware
425521277,1,1,0,0,0,0,1,Malware
664251160,1,1,1,0,0,0,1,Malware
664251160,1,1,1,0,0,0,1,Malware
1381368,1,1,0,0,0,0,1,Malware
991268,1,1,0,0,0,0,1,Malware
1086374,1,1,0,0,0,0,1,Malware
291182304,0,1,0,0,0,0,1,Malware
999734,1,1,0,0,0,0,1,Malware
1074614,1,1,0,0,0,0,1,Malware
864680,0,1,0,0,0,0,1,Malware
1008236,1,1,0,0,0,0,1,Malware
239247374,1,1,0,0,0,0,1,Malware
289831222,0,1,0,0,0,0,1,Malware
1019628,1,1,0,0,0,0,1,Malware
1016774,1,1,0,0,0,0,1,Malware
994086,1,1,0,0,0,0,1,Malware
1161326,1,1,0,0,0,0,1,Malware
115498440,0,1,0,0,0,0,1,Malware
1998,0,1,0,0,0,0,1,Malware
1008236,1,1,0,0,0,0,1,Malware
1021412036,1,1,0,0,0,0,1,Malware
227572882,1,0,0,0,0,0,0,Malware
1013924,1,1,0,0,0,0,1,Malware
1013924,1,1,0,0,0,0,1,Malware
1048388,1,1,0,0,0,0,1,Malware
1095236,1,1,0,0,0,0,1,Malware
805550,0,1,0,0,0,0,1,Malware
4224,0,1,0,0,0,0,1,Malware
1033958,1,1,0,0,0,0,1,Malware
1016774,1,1,0,0,0,0,1,Malware
1013924,1,1,0,0,0,0,1,Malware
1045494,1,1,0,0,0,0,1,Malware
196518322,1,1,0,0,0,0,1,Malware
1062916,1,1,0,0,0,0,1,Malware
1028214,1,1,0,0,0,0,1,Malware
127441716,0,1,0,0,0,0,1,Malware
289372290,0,1,0,0,0,0,1,Malware
1011078,1,1,0,0,0,0,1,Malware
289734194,0,1,0,0,0,0,1,Malware
288348984,0,1,0,0,0,0,1,Malware
1022486,1,1,0,0,0,0,1,Malware
1002564,1,1,0,0,0,0,1,Malware
1036836,1,1,0,0,0,0,1,Malware
1011078,1,1,0,0,0,0,1,Malware
953172,0,1,0,0,0,0,1,Malware
1019628,1,1,0,0,0,0,1,Malware
1013924,1,1,0,0,0,0,1,Malware
239334878,1,1,0,0,0,0,1,Malware
1025348,1,1,0,0,0,0,1,Malware
291324988,0,1,0,0,0,0,1,Malware
1914942,0,1,0,0,0,0,1,Malware
1005398,1,1,0,0,0,0,1,Malware
823648,0,1,0,0,0,0,1,Malware
1909,0,1,0,0,0,0,1,Malware
1028214,1,1,0,0,0,0,1,Malware
245290584,1,1,0,0,0,0,1,Malware
1025348,1,1,0,0,0,0,1,Malware
1008236,1,1,0,0,0,0,1,Malware
1013924,1,1,0,0,0,0,1,Malware
1013924,1,1,0,0,0,0,1,Malware
288820106,0,1,0,0,0,0,1,Malware
254262458,1,1,0,0,0,0,1,Malware
1011078,1,1,0,0,0,0,1,Malware
1107110,1,1,0,0,0,0,1,Malware
862,0,1,0,0,0,0,1,Malware
241396726,1,1,0,0,0,0,1,Malware
1025348,1,1,0,0,0,0,1,Malware
994086,1,1,0,0,0,0,1,Malware
1008236,1,1,0,0,0,0,1,Malware
988454,1,1,0,0,0,0,1,Malware
239072254,1,1,0,0,0,0,1,Malware
289121940,0,1,0,0,0,0,1,Malware
1167428,1,1,0,0,0,0,1,Malware
1008236,1,1,0,0,0,0,1,Malware
5151004,1,0,0,0,0,0,0,Malware
239028598,1,1,0,0,0,0,1,Malware
1051286,1,1,0,0,0,0,1,Malware
5151004,1,0,0,0,0,0,0,Malware
1008356,1,1,0,0,0,0,1,Malware
238766142,1,1,0,0,0,0,1,Malware
1068758,1,1,0,0,0,0,1,Malware
1013924,1,1,0,0,0,0,1,Malware
789550,0,1,0,0,0,0,1,Malware
240825566,1,1,0,0,0,0,1,Malware
20902,0,1,0,0,0,0,1,Malware
1022486,1,1,0,0,0,0,1,Malware
760250,0,1,0,0,0,0,1,Malware
1083428,1,1,0,0,0,0,1,Malware
244140014,1,1,0,0,0,0,1,Malware
1022486,1,1,0,0,0,0,1,Malware
1028214,1,1,0,0,0,0,1,Malware
1022486,1,1,0,0,0,0,1,Malware
42144,0,0,0,0,0,0,0,Malware
216967506,1,1,0,0,0,0,1,Malware
1011078,1,1,0,0,0,0,1,Malware
154,0,1,0,0,0,0,1,Malware
999068,0,1,0,0,0,0,1,Malware
1005398,1,1,0,0,0,0,1,Malware
256432272,1,1,0,0,0,0,1,Malware
1005398,1,1,0,0,0,0,1,Malware
1095236,1,1,0,0,0,0,1,Malware
216967506,1,1,0,0,0,0,1,Malware
1016774,1,1,0,0,0,0,1,Malware
123321472,0,1,0,0,0,0,1,Malware
1028214,1,1,0,0,0,0,1,Malware
1008236,1,1,0,0,0,0,1,Malware
1005398,1,1,0,0,0,0,1,Malware
240649922,1,1,0,0,0,0,1,Malware
29090,0,1,0,0,0,0,1,Malware
1011078,1,1,0,0,0,0,1,Malware
999734,1,1,0,0,0,0,1,Malware
23201502,0,1,0,0,0,0,1,Malware
821514,0,1,0,0,0,0,1,Malware
1025348,1,1,0,0,0,0,1,Malware
216967506,1,1,0,0,0,0,1,Malware
1036836,1,1,0,0,0,0,1,Malware
181131076,1,1,0,0,0,0,1,Malware
729880,0,1,0,0,0,0,1,Malware
1005398,1,1,0,0,0,0,1,Malware
290012810,0,1,0,0,0,0,1,Malware
996908,1,1,0,0,0,0,1,Malware
1057094,1,1,0,0,0,0,1,Malware
935806,0,1,0,0,0,0,1,Malware
1033958,1,1,0,0,0,0,1,Malware
890980,0,1,0,0,0,0,1,Malware
238766142,1,1,0,0,0,0,1,Malware
1002564,1,1,0,0,0,0,1,Malware
1013924,1,1,0,0,0,0,1,Malware
240694420,1,1,0,0,0,0,1,Malware
1005398,1,1,0,0,0,0,1,Malware
79647524,1,1,0,0,0,0,1,Malware
240387170,1,1,0,0,0,0,1,Malware
1002564,1,1,0,0,0,0,1,Malware
5151004,1,0,0,0,0,0,0,Malware
922120,1,1,0,0,0,0,1,Malware
999734,1,1,0,0,0,0,1,Malware
1002564,1,1,0,0,0,0,1,Malware
216967506,1,1,0,0,0,0,1,Malware
932914,0,1,0,0,0,0,1,Malware
1048388,1,1,0,0,0,0,1,Malware
1005398,1,1,0,0,0,0,1,Malware
1013924,1,1,0,0,0,0,1,Malware
1028214,1,1,0,0,0,0,1,Malware
1011078,1,1,0,0,0,0,1,Malware
1062916,1,1,0,0,0,0,1,Malware
42144,0,0,0,0,0,0,0,Malware
442,0,0,0,0,0,0,0,Malware
1119046,1,1,0,0,0,0,1,Malware
1042604,1,1,0,0,0,0,1,Malware
1013924,1,1,0,0,0,0,1,Malware
991268,1,1,0,0,0,0,1,Malware
289388748,0,1,0,0,0,0,1,Malware
1011078,1,1,0,0,0,0,1,Malware
290575998,0,1,0,0,0,0,1,Malware
1005398,1,1,0,0,0,0,1,Malware
1031084,1,1,0,0,0,0,1,Malware
1019628,1,1,0,0,0,0,1,Malware
1054188,1,1,0,0,0,0,1,Malware
1016774,1,1,0,0,0,0,1,Malware
1013924,1,1,0,0,0,0,1,Malware
999734,1,1,0,0,0,0,1,Malware
1011078,1,1,0,0,0,0,1,Malware
254939712,1,1,0,0,0,0,1,Malware
288215840,0,1,0,0,0,0,1,Malware
1019628,1,1,0,0,0,0,1,Malware
22732,0,1,0,0,0,0,1,Malware
1013924,1,1,0,0,0,0,1,Malware
1005398,1,1,0,0,0,0,1,Malware
1039718,1,1,0,0,0,0,1,Malware
1013924,1,1,0,0,0,0,1,Malware
1008236,1,1,0,0,0,0,1,Malware
1022486,1,1,0,0,0,0,1,Malware
53197458,1,1,0,0,0,0,1,Malware
204399792,1,0,1,0,0,0,0,Malware
946726,1,1,0,0,0,0,1,Malware
219281606,1,0,0,0,0,0,0,Malware
1145450298,0,1,0,0,0,0,1,Malware
584,0,1,0,0,0,0,0,Malware
199980000,0,0,0,0,0,1,0,Malware
622556336,1,0,0,0,0,0,0,Malware
230987660,0,1,0,0,0,0,1,Malware
1013924,1,1,0,0,0,0,1,Malware
1242934,0,1,0,0,0,0,1,Malware
10339832,0,1,0,0,0,0,1,Malware
16861232,1,0,0,0,0,0,0,Malware
476761378,1,0,0,0,0,0,0,Malware
2184,0,1,0,0,0,0,1,Malware
270810386,1,0,0,0,0,0,0,Malware
3512239972,1,1,0,0,0,0,1,Malware
493313736,1,1,0,0,0,0,1,Malware
0,1,0,0,0,0,0,0,Malware
264568180,0,0,0,0,0,0,0,Malware
3880238437,1,1,0,0,0,0,1,Malware
144036000,0,0,0,0,0,0,0,Malware
28022661,0,0,1,0,0,0,0,Malware
2382,0,1,0,0,0,0,0,Malware
2406,0,1,0,0,0,0,1,Malware
27997842,0,0,1,0,0,0,0,Malware
1937086,0,0,0,0,0,0,0,Malware
459384696,0,0,1,0,0,0,0,Malware
0,0,0,0,0,0,0,0,Malware
11961698,0,1,0,0,0,0,1,Malware
2370,0,1,0,0,0,0,0,Malware
43571466,1,0,0,0,0,0,0,Malware
2264974,1,0,0,0,0,0,0,Malware
501139482,1,0,0,0,0,0,0,Malware
5151004,1,0,0,0,0,0,0,Malware
16568958,0,0,0,0,0,0,0,Malware
426708931,1,1,0,0,0,0,1,Malware
28017884,0,0,1,0,0,0,0,Malware
157406010,1,1,0,0,0,0,1,Malware
991268,1,1,0,0,0,0,1,Malware
96467812,1,0,0,0,0,0,0,Malware
334,0,1,0,0,0,0,1,Malware
48414022,1,0,0,0,0,0,0,Malware
24,0,1,0,0,0,0,1,Malware
113273700,1,0,0,0,0,0,0,Malware
1242950,0,1,0,0,0,0,1,Malware
328,0,1,0,0,0,0,1,Malware
188751618,1,0,0,0,0,0,0,Malware
235893010,1,0,0,0,0,0,0,Malware
665489260,1,0,0,0,0,0,0,Malware
10592202,0,1,0,0,0,0,1,Malware
28010025,0,0,1,0,0,0,0,Malware
427895558,1,0,0,0,0,0,0,Malware
118119026,1,0,0,0,0,0,0,Malware
903204,1,1,0,0,0,0,1,Malware
328487586,0,0,0,1,0,0,0,Malware
424449770,1,1,0,0,0,0,1,Malware
264368794,0,0,0,0,0,0,0,Malware
55378424,0,0,1,0,0,0,0,Malware
524,0,1,0,0,0,0,1,Malware
1500036,1,1,0,0,0,0,1,Malware
999734,1,1,0,0,0,0,1,Malware
11638734,0,1,0,0,0,0,1,Malware
185638240,0,0,0,0,0,0,0,Malware
11066004,0,1,0,0,0,0,1,Malware
95805362,0,1,0,0,0,0,1,Malware
10650814,0,1,0,0,0,0,1,Malware
28006802,0,0,1,0,0,0,0,Malware
1039718,1,1,0,0,0,0,1,Malware
98469810,1,0,0,0,0,0,0,Malware
0,0,0,0,0,0,0,0,Malware
108,0,0,0,0,0,0,0,Malware
285356196,0,1,0,0,0,0,1,Malware
160554910,1,0,0,0,0,0,0,Malware
687278948,1,1,0,0,0,0,1,Malware
1242950,0,1,0,0,0,0,1,Malware
289261004,0,1,0,0,0,0,1,Malware
430647002,1,1,0,0,0,0,1,Malware
1162639918,1,1,0,0,0,0,1,Malware
662243934,1,1,0,0,0,0,1,Malware
159363356,1,0,0,0,0,0,0,Malware
212043390,0,0,0,0,0,0,0,Malware
1879637634,1,0,0,0,0,0,0,Malware
264368794,0,0,0,0,0,0,0,Malware
10827792,0,1,0,0,0,0,1,Malware
1068758,1,1,0,0,0,0,1,Malware
0,0,0,0,0,0,0,0,Malware
196357656,0,0,1,0,0,0,0,Malware
428227302,1,1,0,0,0,0,1,Malware
160,0,1,0,0,0,0,1,Malware
1207008628,1,1,0,0,0,0,1,Malware
426142941,1,1,0,0,0,0,1,Malware
165187966,1,0,0,0,0,0,0,Malware
2358,0,1,0,0,0,0,0,Malware
11961698,0,1,0,0,0,0,1,Malware
3821108332,1,1,0,0,0,0,1,Malware
1022486,1,1,0,0,0,0,1,Malware
48413962,1,0,0,0,0,0,0,Malware
16132260,0,0,0,0,0,0,0,Malware
415232074,1,1,0,0,0,0,1,Malware
2880010238,1,0,0,0,0,0,0,Malware
0,0,0,0,0,0,0,0,Malware
96484316,1,0,0,0,0,0,0,Malware
27998874,0,0,1,0,0,0,0,Malware
201614480,0,0,0,0,0,0,0,Malware
3676026,1,0,0,0,0,0,0,Malware
435049362,1,0,0,0,0,0,0,Malware
63400,0,0,0,0,0,0,0,Malware
1005398,1,1,0,0,0,0,1,Malware
475479244,1,0,0,0,0,0,0,Malware
1672620,1,0,0,0,0,0,0,Malware
27997355,0,0,1,0,0,0,0,Malware
3676026,1,0,0,0,0,0,0,Malware
615388216,1,1,0,0,0,0,1,Malware
219331330,1,0,0,0,0,0,0,Malware
28019370,0,0,1,0,0,0,0,Malware
2348,0,1,0,0,0,0,0,Malware
424449769,1,1,0,0,0,0,1,Malware
459384696,0,0,1,0,0,0,0,Malware
814124,1,1,0,0,0,0,1,Malware
5482,1,0,0,0,0,0,0,Malware
1005398,1,1,0,0,0,0,1,Malware
48413960,1,0,0,0,0,0,0,Malware
57632042,1,0,0,0,0,0,0,Malware
27210987,0,0,1,0,0,0,0,Malware
424449769,1,1,0,0,0,0,1,Malware
264367980,0,0,0,0,0,0,0,Malware
425860245,1,1,0,0,0,0,1,Malware
290864164,0,1,0,0,0,0,1,Malware
425860245,1,1,0,0,0,0,1,Malware
188751618,1,0,0,0,0,0,0,Malware
212849102,1,0,0,0,0,0,0,Malware
196845294,1,0,1,0,0,0,0,Malware
1033958,1,1,0,0,0,0,1,Malware
300033080,0,0,0,0,0,0,0,Malware
503433402,1,0,0,0,0,0,0,Malware
120,0,1,0,0,0,0,1,Malware
426142939,1,1,0,0,0,0,1,Malware
0,0,0,0,0,0,0,0,Malware
28019370,0,0,1,0,0,0,0,Malware
5154196,1,0,0,0,0,0,0,Malware
171561609,1,0,1,0,0,0,0,Malware
27233353,0,0,1,0,0,0,0,Malware
160,0,1,0,0,0,0,1,Malware
27975274,0,0,1,0,0,0,0,Malware
28012947,0,0,1,0,0,0,0,Malware
289261004,0,1,0,0,0,0,1,Malware
1128230806,1,1,0,0,0,0,1,Malware
32091188,1,0,0,0,0,0,0,Malware
3562586768,1,1,0,0,0,0,1,Malware
258,0,1,0,0,0,0,1,Malware
996908,1,1,0,0,0,0,1,Malware
0,0,0,0,0,0,0,0,Malware
22916388,0,1,0,0,0,0,1,Malware
4691512,1,1,0,0,0,0,1,Malware
424449769,1,1,0,0,0,0,1,Malware
115648992,0,1,0,0,0,0,1,Malware
424449769,1,1,0,0,0,0,1,Malware
574,0,1,0,0,0,0,1,Malware
27955151,0,0,1,0,0,0,0,Malware
16309470,0,0,0,0,0,0,0,Malware
424449769,1,1,0,0,0,0,1,Malware
11266504,0,1,0,0,0,0,1,Malware
10527162,0,1,0,0,0,0,1,Malware
218237590,1,1,0,0,0,0,1,Malware
239038044,1,0,0,0,0,0,0,Malware
0,0,0,0,0,0,0,0,Malware
0,0,0,0,0,0,0,0,Malware
290492254,0,1,0,0,0,0,1,Malware
163896414,1,0,0,0,0,0,0,Malware
258,0,0,0,0,0,0,0,Malware
999734,1,1,0,0,0,0,1,Malware
11079304,0,1,0,0,0,0,1,Malware
438,0,1,0,0,0,0,1,Malware
334,0,1,0,0,0,0,1,Malware
1008236,1,1,0,0,0,0,1,Malware
72364,0,0,0,0,0,0,0,Malware
920969744,1,1,0,0,0,0,1,Malware
144036000,0,0,0,0,0,0,0,Malware
424449769,1,1,0,0,0,0,1,Malware
1011078,1,1,0,0,0,0,1,Malware
43585008,1,0,0,0,0,0,0,Malware
3687800545,1,1,0,0,0,0,1,Malware
50030002,1,0,0,0,0,0,0,Malware
2354,0,1,0,0,0,0,0,Malware
10670404,0,1,0,0,0,0,1,Malware
44745,1,1,1,1,1,1,1,Malware
21274,1,0,1,0,1,0,1,Malware
1705189,1,1,1,1,1,0,1,Malware
877452,1,1,1,1,1,0,1,Malware
20380,1,0,1,1,1,0,1,Malware
143592,1,1,1,1,1,1,1,Malware
786551,1,0,1,1,1,1,1,Malware
158788,1,1,1,1,1,0,1,Malware
71205,1,0,1,1,1,0,1,Malware
45836,1,0,1,1,1,0,1,Malware
1790154,1,1,1,1,1,0,1,Malware
140711,1,1,1,1,1,0,1,Malware
140325,1,1,1,1,1,0,1,Malware
372737,1,1,1,1,1,0,1,Malware
478320,1,1,1,1,1,0,1,Malware
43621,1,1,1,1,1,0,1,Malware
201650,1,1,1,1,1,0,1,Malware
157823,1,1,1,1,1,0,1,Malware
156491,1,1,1,1,1,0,1,Malware
67785,1,1,1,1,1,0,1,Malware
298545,1,1,1,1,1,0,1,Malware
54347,1,1,1,1,1,0,1,Malware
68168,1,1,1,1,1,0,1,Malware
42502,1,1,1,1,1,0,1,Malware
72391,1,1,1,1,1,0,1,Malware
47237,1,1,1,1,1,0,1,Malware
63170,1,1,1,1,1,0,1,Malware
725752,1,1,1,1,1,0,1,Malware
271168,1,1,1,1,1,0,1,Malware
66618,1,1,1,1,1,0,1,Malware
73029,1,1,1,1,1,0,1,Malware
1300670,1,1,1,1,1,0,1,Malware
139844,1,1,1,1,1,0,1,Malware
931471,1,1,1,1,1,0,1,Malware
72715,1,1,1,1,1,0,1,Malware
71383,1,1,1,1,1,0,1,Malware
189527,1,1,1,1,1,0,1,Malware
58239,1,1,1,1,1,0,1,Malware
186415,1,1,1,1,1,0,1,Malware
72821,1,1,1,1,1,0,1,Malware
64608,1,1,1,1,1,0,1,Malware
43447,1,1,1,1,1,0,1,Malware
9770641,1,1,1,1,1,0,1,Malware
127310,1,1,1,1,1,0,1,Malware
797169,1,1,1,1,1,0,1,Malware
193206,1,1,1,1,1,0,1,Malware
94617,1,1,1,1,1,0,1,Malware
94500,1,1,1,1,1,0,1,Malware
94623,1,1,1,1,1,0,1,Malware
814318,1,1,1,1,1,0,1,Malware
68650,1,1,1,1,1,0,1,Malware
352199,1,1,1,1,1,0,1,Malware
999068,0,1,0,0,0,0,1,Malware
416380424,1,0,1,0,0,0,0,Malware
28018241,0,0,1,0,0,0,0,Malware
425521275,1,1,0,0,0,0,1,Malware
289121940,0,1,0,0,0,0,1,Malware
7523546,1,0,0,0,0,0,0,Malware
15407034,1,0,0,0,0,0,0,Malware
244140014,1,1,0,0,0,0,1,Malware
41982198,1,0,0,0,0,0,0,Malware
230764736,1,0,0,0,0,0,0,Malware
1998,0,1,0,0,0,0,1,Malware
154,0,1,0,0,0,0,1,Malware
4977258,1,0,0,0,0,0,0,Malware
805550,0,1,0,0,0,0,1,Malware
789550,0,1,0,0,0,0,1,Malware
0,0,0,0,0,0,0,0,Malware
216967506,1,1,0,0,0,0,1,Malware
0,0,0,0,0,0,0,0,Malware
15407034,1,0,0,0,0,0,0,Malware
238272858,1,0,0,0,0,0,0,Malware
667533384,1,1,1,0,0,0,1,Malware
28018241,0,0,1,0,0,0,0,Malware
425521275,1,1,0,0,0,0,1,Malware
230987688,0,1,0,0,0,0,1,Malware
418778026,1,0,1,0,0,0,0,Malware
498952936,1,0,0,0,0,0,0,Malware
168741400,1,0,0,0,0,0,0,Malware
416380424,1,0,1,0,0,0,0,Malware
7523546,1,0,0,0,0,0,0,Malware
4977258,1,0,0,0,0,0,0,Malware
213906862,1,1,0,0,0,0,1,Malware
425521277,1,1,0,0,0,0,1,Malware
664251160,1,1,1,0,0,0,1,Malware
664251160,1,1,1,0,0,0,1,Malware
1381368,1,1,0,0,0,0,1,Malware
991268,1,1,0,0,0,0,1,Malware
1086374,1,1,0,0,0,0,1,Malware
291182304,0,1,0,0,0,0,1,Malware
999734,1,1,0,0,0,0,1,Malware
1074614,1,1,0,0,0,0,1,Malware
864680,0,1,0,0,0,0,1,Malware
1008236,1,1,0,0,0,0,1,Malware
239247374,1,1,0,0,0,0,1,Malware
289831222,0,1,0,0,0,0,1,Malware
1019628,1,1,0,0,0,0,1,Malware
1016774,1,1,0,0,0,0,1,Malware
994086,1,1,0,0,0,0,1,Malware
1161326,1,1,0,0,0,0,1,Malware
115498440,0,1,0,0,0,0,1,Malware
1998,0,1,0,0,0,0,1,Malware
1008236,1,1,0,0,0,0,1,Malware
1021412036,1,1,0,0,0,0,1,Malware
227572882,1,0,0,0,0,0,0,Malware
1013924,1,1,0,0,0,0,1,Malware
1013924,1,1,0,0,0,0,1,Malware
1048388,1,1,0,0,0,0,1,Malware
1095236,1,1,0,0,0,0,1,Malware
805550,0,1,0,0,0,0,1,Malware
4224,0,1,0,0,0,0,1,Malware
1033958,1,1,0,0,0,0,1,Malware
1016774,1,1,0,0,0,0,1,Malware
1013924,1,1,0,0,0,0,1,Malware
1045494,1,1,0,0,0,0,1,Malware
196518322,1,1,0,0,0,0,1,Malware
1062916,1,1,0,0,0,0,1,Malware
1028214,1,1,0,0,0,0,1,Malware
127441716,0,1,0,0,0,0,1,Malware
289372290,0,1,0,0,0,0,1,Malware
1011078,1,1,0,0,0,0,1,Malware
289734194,0,1,0,0,0,0,1,Malware
288348984,0,1,0,0,0,0,1,Malware
1022486,1,1,0,0,0,0,1,Malware
1002564,1,1,0,0,0,0,1,Malware
1036836,1,1,0,0,0,0,1,Malware
1011078,1,1,0,0,0,0,1,Malware
953172,0,1,0,0,0,0,1,Malware
1019628,1,1,0,0,0,0,1,Malware
1013924,1,1,0,0,0,0,1,Malware
239334878,1,1,0,0,0,0,1,Malware
1025348,1,1,0,0,0,0,1,Malware
291324988,0,1,0,0,0,0,1,Malware
1914942,0,1,0,0,0,0,1,Malware
1005398,1,1,0,0,0,0,1,Malware
823648,0,1,0,0,0,0,1,Malware
1909,0,1,0,0,0,0,1,Malware
1028214,1,1,0,0,0,0,1,Malware
245290584,1,1,0,0,0,0,1,Malware
1025348,1,1,0,0,0,0,1,Malware
1008236,1,1,0,0,0,0,1,Malware
1013924,1,1,0,0,0,0,1,Malware
1013924,1,1,0,0,0,0,1,Malware
288820106,0,1,0,0,0,0,1,Malware
254262458,1,1,0,0,0,0,1,Malware
1011078,1,1,0,0,0,0,1,Malware
1107110,1,1,0,0,0,0,1,Malware
862,0,1,0,0,0,0,1,Malware
241396726,1,1,0,0,0,0,1,Malware
1025348,1,1,0,0,0,0,1,Malware
994086,1,1,0,0,0,0,1,Malware
1008236,1,1,0,0,0,0,1,Malware
988454,1,1,0,0,0,0,1,Malware
239072254,1,1,0,0,0,0,1,Malware
289121940,0,1,0,0,0,0,1,Malware
1167428,1,1,0,0,0,0,1,Malware
1008236,1,1,0,0,0,0,1,Malware
5151004,1,0,0,0,0,0,0,Malware
239028598,1,1,0,0,0,0,1,Malware
1051286,1,1,0,0,0,0,1,Malware
5151004,1,0,0,0,0,0,0,Malware
1008356,1,1,0,0,0,0,1,Malware
238766142,1,1,0,0,0,0,1,Malware
1068758,1,1,0,0,0,0,1,Malware
1013924,1,1,0,0,0,0,1,Malware
789550,0,1,0,0,0,0,1,Malware
240825566,1,1,0,0,0,0,1,Malware
20902,0,1,0,0,0,0,1,Malware
1022486,1,1,0,0,0,0,1,Malware
760250,0,1,0,0,0,0,1,Malware
1083428,1,1,0,0,0,0,1,Malware
244140014,1,1,0,0,0,0,1,Malware
1022486,1,1,0,0,0,0,1,Malware
1028214,1,1,0,0,0,0,1,Malware
1022486,1,1,0,0,0,0,1,Malware
42144,0,0,0,0,0,0,0,Malware
216967506,1,1,0,0,0,0,1,Malware
1011078,1,1,0,0,0,0,1,Malware
154,0,1,0,0,0,0,1,Malware
999068,0,1,0,0,0,0,1,Malware
1005398,1,1,0,0,0,0,1,Malware
256432272,1,1,0,0,0,0,1,Malware
1005398,1,1,0,0,0,0,1,Malware
1095236,1,1,0,0,0,0,1,Malware
216967506,1,1,0,0,0,0,1,Malware
1016774,1,1,0,0,0,0,1,Malware
123321472,0,1,0,0,0,0,1,Malware
1028214,1,1,0,0,0,0,1,Malware
1008236,1,1,0,0,0,0,1,Malware
1005398,1,1,0,0,0,0,1,Malware
240649922,1,1,0,0,0,0,1,Malware
29090,0,1,0,0,0,0,1,Malware
1011078,1,1,0,0,0,0,1,Malware
999734,1,1,0,0,0,0,1,Malware
23201502,0,1,0,0,0,0,1,Malware
821514,0,1,0,0,0,0,1,Malware
1025348,1,1,0,0,0,0,1,Malware
216967506,1,1,0,0,0,0,1,Malware
1036836,1,1,0,0,0,0,1,Malware
181131076,1,1,0,0,0,0,1,Malware
729880,0,1,0,0,0,0,1,Malware
1005398,1,1,0,0,0,0,1,Malware
290012810,0,1,0,0,0,0,1,Malware
996908,1,1,0,0,0,0,1,Malware
1057094,1,1,0,0,0,0,1,Malware
935806,0,1,0,0,0,0,1,Malware
1033958,1,1,0,0,0,0,1,Malware
890980,0,1,0,0,0,0,1,Malware
238766142,1,1,0,0,0,0,1,Malware
1002564,1,1,0,0,0,0,1,Malware
1013924,1,1,0,0,0,0,1,Malware
240694420,1,1,0,0,0,0,1,Malware
1005398,1,1,0,0,0,0,1,Malware
79647524,1,1,0,0,0,0,1,Malware
240387170,1,1,0,0,0,0,1,Malware
1002564,1,1,0,0,0,0,1,Malware
5151004,1,0,0,0,0,0,0,Malware
922120,1,1,0,0,0,0,1,Malware
999734,1,1,0,0,0,0,1,Malware
1002564,1,1,0,0,0,0,1,Malware
216967506,1,1,0,0,0,0,1,Malware
932914,0,1,0,0,0,0,1,Malware
1048388,1,1,0,0,0,0,1,Malware
1005398,1,1,0,0,0,0,1,Malware
1013924,1,1,0,0,0,0,1,Malware
1028214,1,1,0,0,0,0,1,Malware
1011078,1,1,0,0,0,0,1,Malware
1062916,1,1,0,0,0,0,1,Malware
42144,0,0,0,0,0,0,0,Malware
442,0,0,0,0,0,0,0,Malware
1119046,1,1,0,0,0,0,1,Malware
1042604,1,1,0,0,0,0,1,Malware
1013924,1,1,0,0,0,0,1,Malware
991268,1,1,0,0,0,0,1,Malware
289388748,0,1,0,0,0,0,1,Malware
1011078,1,1,0,0,0,0,1,Malware
290575998,0,1,0,0,0,0,1,Malware
1005398,1,1,0,0,0,0,1,Malware
1031084,1,1,0,0,0,0,1,Malware
1019628,1,1,0,0,0,0,1,Malware
1054188,1,1,0,0,0,0,1,Malware
1016774,1,1,0,0,0,0,1,Malware
1013924,1,1,0,0,0,0,1,Malware
999734,1,1,0,0,0,0,1,Malware
1011078,1,1,0,0,0,0,1,Malware
254939712,1,1,0,0,0,0,1,Malware
288215840,0,1,0,0,0,0,1,Malware
1019628,1,1,0,0,0,0,1,Malware
22732,0,1,0,0,0,0,1,Malware
1013924,1,1,0,0,0,0,1,Malware
1005398,1,1,0,0,0,0,1,Malware
1039718,1,1,0,0,0,0,1,Malware
1013924,1,1,0,0,0,0,1,Malware
1008236,1,1,0,0,0,0,1,Malware
1022486,1,1,0,0,0,0,1,Malware
53197458,1,1,0,0,0,0,1,Malware
204399792,1,0,1,0,0,0,0,Malware
946726,1,1,0,0,0,0,1,Malware
219281606,1,0,0,0,0,0,0,Malware
1145450298,0,1,0,0,0,0,1,Malware
584,0,1,0,0,0,0,0,Malware
199980000,0,0,0,0,0,1,0,Malware
622556336,1,0,0,0,0,0,0,Malware
230987660,0,1,0,0,0,0,1,Malware
1013924,1,1,0,0,0,0,1,Malware
1242934,0,1,0,0,0,0,1,Malware
10339832,0,1,0,0,0,0,1,Malware
16861232,1,0,0,0,0,0,0,Malware
476761378,1,0,0,0,0,0,0,Malware
2184,0,1,0,0,0,0,1,Malware
270810386,1,0,0,0,0,0,0,Malware
3512239972,1,1,0,0,0,0,1,Malware
493313736,1,1,0,0,0,0,1,Malware
0,1,0,0,0,0,0,0,Malware
264568180,0,0,0,0,0,0,0,Malware
3880238437,1,1,0,0,0,0,1,Malware
144036000,0,0,0,0,0,0,0,Malware
28022661,0,0,1,0,0,0,0,Malware
2382,0,1,0,0,0,0,0,Malware
2406,0,1,0,0,0,0,1,Malware
27997842,0,0,1,0,0,0,0,Malware
1937086,0,0,0,0,0,0,0,Malware
459384696,0,0,1,0,0,0,0,Malware
0,0,0,0,0,0,0,0,Malware
11961698,0,1,0,0,0,0,1,Malware
2370,0,1,0,0,0,0,0,Malware
43571466,1,0,0,0,0,0,0,Malware
2264974,1,0,0,0,0,0,0,Malware
501139482,1,0,0,0,0,0,0,Malware
5151004,1,0,0,0,0,0,0,Malware
16568958,0,0,0,0,0,0,0,Malware
426708931,1,1,0,0,0,0,1,Malware
28017884,0,0,1,0,0,0,0,Malware
157406010,1,1,0,0,0,0,1,Malware
991268,1,1,0,0,0,0,1,Malware
96467812,1,0,0,0,0,0,0,Malware
334,0,1,0,0,0,0,1,Malware
48414022,1,0,0,0,0,0,0,Malware
24,0,1,0,0,0,0,1,Malware
113273700,1,0,0,0,0,0,0,Malware
1242950,0,1,0,0,0,0,1,Malware
328,0,1,0,0,0,0,1,Malware
188751618,1,0,0,0,0,0,0,Malware
235893010,1,0,0,0,0,0,0,Malware
665489260,1,0,0,0,0,0,0,Malware
10592202,0,1,0,0,0,0,1,Malware
28010025,0,0,1,0,0,0,0,Malware
427895558,1,0,0,0,0,0,0,Malware
118119026,1,0,0,0,0,0,0,Malware
903204,1,1,0,0,0,0,1,Malware
328487586,0,0,0,1,0,0,0,Malware
424449770,1,1,0,0,0,0,1,Malware
264368794,0,0,0,0,0,0,0,Malware
55378424,0,0,1,0,0,0,0,Malware
524,0,1,0,0,0,0,1,Malware
1500036,1,1,0,0,0,0,1,Malware
999734,1,1,0,0,0,0,1,Malware
11638734,0,1,0,0,0,0,1,Malware
185638240,0,0,0,0,0,0,0,Malware
11066004,0,1,0,0,0,0,1,Malware
95805362,0,1,0,0,0,0,1,Malware
10650814,0,1,0,0,0,0,1,Malware
28006802,0,0,1,0,0,0,0,Malware
1039718,1,1,0,0,0,0,1,Malware
98469810,1,0,0,0,0,0,0,Malware
0,0,0,0,0,0,0,0,Malware
108,0,0,0,0,0,0,0,Malware
285356196,0,1,0,0,0,0,1,Malware
160554910,1,0,0,0,0,0,0,Malware
687278948,1,1,0,0,0,0,1,Malware
1242950,0,1,0,0,0,0,1,Malware
289261004,0,1,0,0,0,0,1,Malware
430647002,1,1,0,0,0,0,1,Malware
1162639918,1,1,0,0,0,0,1,Malware
662243934,1,1,0,0,0,0,1,Malware
159363356,1,0,0,0,0,0,0,Malware
212043390,0,0,0,0,0,0,0,Malware
1879637634,1,0,0,0,0,0,0,Malware
264368794,0,0,0,0,0,0,0,Malware
10827792,0,1,0,0,0,0,1,Malware
1068758,1,1,0,0,0,0,1,Malware
0,0,0,0,0,0,0,0,Malware
196357656,0,0,1,0,0,0,0,Malware
428227302,1,1,0,0,0,0,1,Malware
160,0,1,0,0,0,0,1,Malware
1207008628,1,1,0,0,0,0,1,Malware
426142941,1,1,0,0,0,0,1,Malware
165187966,1,0,0,0,0,0,0,Malware
2358,0,1,0,0,0,0,0,Malware
11961698,0,1,0,0,0,0,1,Malware
3821108332,1,1,0,0,0,0,1,Malware
1022486,1,1,0,0,0,0,1,Malware
48413962,1,0,0,0,0,0,0,Malware
16132260,0,0,0,0,0,0,0,Malware
415232074,1,1,0,0,0,0,1,Malware
2880010238,1,0,0,0,0,0,0,Malware
0,0,0,0,0,0,0,0,Malware
96484316,1,0,0,0,0,0,0,Malware
27998874,0,0,1,0,0,0,0,Malware
201614480,0,0,0,0,0,0,0,Malware
3676026,1,0,0,0,0,0,0,Malware
435049362,1,0,0,0,0,0,0,Malware
63400,0,0,0,0,0,0,0,Malware
1005398,1,1,0,0,0,0,1,Malware
475479244,1,0,0,0,0,0,0,Malware
1672620,1,0,0,0,0,0,0,Malware
27997355,0,0,1,0,0,0,0,Malware
3676026,1,0,0,0,0,0,0,Malware
615388216,1,1,0,0,0,0,1,Malware
219331330,1,0,0,0,0,0,0,Malware
28019370,0,0,1,0,0,0,0,Malware
2348,0,1,0,0,0,0,0,Malware
424449769,1,1,0,0,0,0,1,Malware
459384696,0,0,1,0,0,0,0,Malware
814124,1,1,0,0,0,0,1,Malware
5482,1,0,0,0,0,0,0,Malware
1005398,1,1,0,0,0,0,1,Malware
48413960,1,0,0,0,0,0,0,Malware
57632042,1,0,0,0,0,0,0,Malware
27210987,0,0,1,0,0,0,0,Malware
424449769,1,1,0,0,0,0,1,Malware
264367980,0,0,0,0,0,0,0,Malware
425860245,1,1,0,0,0,0,1,Malware
290864164,0,1,0,0,0,0,1,Malware
425860245,1,1,0,0,0,0,1,Malware
188751618,1,0,0,0,0,0,0,Malware
212849102,1,0,0,0,0,0,0,Malware
196845294,1,0,1,0,0,0,0,Malware
1033958,1,1,0,0,0,0,1,Malware
300033080,0,0,0,0,0,0,0,Malware
503433402,1,0,0,0,0,0,0,Malware
120,0,1,0,0,0,0,1,Malware
426142939,1,1,0,0,0,0,1,Malware
0,0,0,0,0,0,0,0,Malware
28019370,0,0,1,0,0,0,0,Malware
5154196,1,0,0,0,0,0,0,Malware
171561609,1,0,1,0,0,0,0,Malware
27233353,0,0,1,0,0,0,0,Malware
160,0,1,0,0,0,0,1,Malware
27975274,0,0,1,0,0,0,0,Malware
28012947,0,0,1,0,0,0,0,Malware
289261004,0,1,0,0,0,0,1,Malware
1128230806,1,1,0,0,0,0,1,Malware
32091188,1,0,0,0,0,0,0,Malware
3562586768,1,1,0,0,0,0,1,Malware
258,0,1,0,0,0,0,1,Malware
996908,1,1,0,0,0,0,1,Malware
0,0,0,0,0,0,0,0,Malware
22916388,0,1,0,0,0,0,1,Malware
4691512,1,1,0,0,0,0,1,Malware
424449769,1,1,0,0,0,0,1,Malware
115648992,0,1,0,0,0,0,1,Malware
424449769,1,1,0,0,0,0,1,Malware
574,0,1,0,0,0,0,1,Malware
27955151,0,0,1,0,0,0,0,Malware
16309470,0,0,0,0,0,0,0,Malware
424449769,1,1,0,0,0,0,1,Malware
11266504,0,1,0,0,0,0,1,Malware
10527162,0,1,0,0,0,0,1,Malware
218237590,1,1,0,0,0,0,1,Malware
239038044,1,0,0,0,0,0,0,Malware
0,0,0,0,0,0,0,0,Malware
0,0,0,0,0,0,0,0,Malware
290492254,0,1,0,0,0,0,1,Malware
163896414,1,0,0,0,0,0,0,Malware
258,0,0,0,0,0,0,0,Malware
999734,1,1,0,0,0,0,1,Malware
11079304,0,1,0,0,0,0,1,Malware
438,0,1,0,0,0,0,1,Malware
334,0,1,0,0,0,0,1,Malware
1008236,1,1,0,0,0,0,1,Malware
72364,0,0,0,0,0,0,0,Malware
920969744,1,1,0,0,0,0,1,Malware
144036000,0,0,0,0,0,0,0,Malware
424449769,1,1,0,0,0,0,1,Malware
1011078,1,1,0,0,0,0,1,Malware
43585008,1,0,0,0,0,0,0,Malware
3687800545,1,1,0,0,0,0,1,Malware
50030002,1,0,0,0,0,0,0,Malware
2354,0,1,0,0,0,0,0,Malware
10670404,0,1,0,0,0,0,1,Malware
44745,1,1,1,1,1,1,1,Malware
21274,1,0,1,0,1,0,1,Malware
1705189,1,1,1,1,1,0,1,Malware
877452,1,1,1,1,1,0,1,Malware
20380,1,0,1,1,1,0,1,Malware
143592,1,1,1,1,1,1,1,Malware
786551,1,0,1,1,1,1,1,Malware
158788,1,1,1,1,1,0,1,Malware
71205,1,0,1,1,1,0,1,Malware
45836,1,0,1,1,1,0,1,Malware
1790154,1,1,1,1,1,0,1,Malware
140711,1,1,1,1,1,0,1,Malware
140325,1,1,1,1,1,0,1,Malware
372737,1,1,1,1,1,0,1,Malware
478320,1,1,1,1,1,0,1,Malware
43621,1,1,1,1,1,0,1,Malware
201650,1,1,1,1,1,0,1,Malware
157823,1,1,1,1,1,0,1,Malware
156491,1,1,1,1,1,0,1,Malware
67785,1,1,1,1,1,0,1,Malware
298545,1,1,1,1,1,0,1,Malware
54347,1,1,1,1,1,0,1,Malware
68168,1,1,1,1,1,0,1,Malware
42502,1,1,1,1,1,0,1,Malware
72391,1,1,1,1,1,0,1,Malware
47237,1,1,1,1,1,0,1,Malware
63170,1,1,1,1,1,0,1,Malware
725752,1,1,1,1,1,0,1,Malware
271168,1,1,1,1,1,0,1,Malware
66618,1,1,1,1,1,0,1,Malware
73029,1,1,1,1,1,0,1,Malware
1300670,1,1,1,1,1,0,1,Malware
139844,1,1,1,1,1,0,1,Malware
931471,1,1,1,1,1,0,1,Malware
72715,1,1,1,1,1,0,1,Malware
71383,1,1,1,1,1,0,1,Malware
189527,1,1,1,1,1,0,1,Malware
58239,1,1,1,1,1,0,1,Malware
186415,1,1,1,1,1,0,1,Malware
72821,1,1,1,1,1,0,1,Malware
64608,1,1,1,1,1,0,1,Malware
43447,1,1,1,1,1,0,1,Malware
9770641,1,1,1,1,1,0,1,Malware
127310,1,1,1,1,1,0,1,Malware
797169,1,1,1,1,1,0,1,Malware
193206,1,1,1,1,1,0,1,Malware
94617,1,1,1,1,1,0,1,Malware
94500,1,1,1,1,1,0,1,Malware
94623,1,1,1,1,1,0,1,Malware
814318,1,1,1,1,1,0,1,Malware
68650,1,1,1,1,1,0,1,Malware
352199,1,1,1,1,1,0,1,Malware
258,0,1,0,0,0,0,1,Malware
96467812,1,0,0,0,0,0,0,Malware
1033958,1,1,0,0,0,0,1,Malware
108,0,0,0,0,0,0,0,Malware
0,0,0,0,0,0,0,0,Malware
289261004,0,1,0,0,0,0,1,Malware
300033080,0,0,0,0,0,0,0,Malware
1051286,1,1,0,0,0,0,1,Malware
289121940,0,1,0,0,0,0,1,Malware
416380424,1,0,1,0,0,0,0,Malware
3880238437,1,1,0,0,0,0,1,Malware
1068758,1,1,0,0,0,0,1,Malware
352199,1,1,1,1,1,0,1,Malware
288215840,0,1,0,0,0,0,1,Malware
140325,1,1,1,1,1,0,1,Malware
285356196,0,1,0,0,0,0,1,Malware
43447,1,1,1,1,1,0,1,Malware
28018241,0,0,1,0,0,0,0,Malware
264368794,0,0,0,0,0,0,0,Malware
1013924,1,1,0,0,0,0,1,Malware
3512239972,1,1,0,0,0,0,1,Malware
27997842,0,0,1,0,0,0,0,Malware
1062916,1,1,0,0,0,0,1,Malware
63170,1,1,1,1,1,0,1,Malware
288348984,0,1,0,0,0,0,1,Malware
1022486,1,1,0,0,0,0,1,Malware
55378424,0,0,1,0,0,0,0,Malware
230987688,0,1,0,0,0,0,1,Malware
216967506,1,1,0,0,0,0,1,Malware
1013924,1,1,0,0,0,0,1,Malware
999068,0,1,0,0,0,0,1,Malware
27997355,0,0,1,0,0,0,0,Malware
1036836,1,1,0,0,0,0,1,Malware
289121940,0,1,0,0,0,0,1,Malware
1048388,1,1,0,0,0,0,1,Malware
1022486,1,1,0,0,0,0,1,Malware
999734,1,1,0,0,0,0,1,Malware
953172,0,1,0,0,0,0,1,Malware
163896414,1,0,0,0,0,0,0,Malware
264368794,0,0,0,0,0,0,0,Malware
1013924,1,1,0,0,0,0,1,Malware
424449769,1,1,0,0,0,0,1,Malware
271168,1,1,1,1,1,0,1,Malware
0,0,0,0,0,0,0,0,Malware
0,0,0,0,0,0,0,0,Malware
28018241,0,0,1,0,0,0,0,Malware
999734,1,1,0,0,0,0,1,Malware
15407034,1,0,0,0,0,0,0,Malware
71205,1,0,1,1,1,0,1,Malware
1914942,0,1,0,0,0,0,1,Malware
72821,1,1,1,1,1,0,1,Malware
11079304,0,1,0,0,0,0,1,Malware
426142941,1,1,0,0,0,0,1,Malware
1048388,1,1,0,0,0,0,1,Malware
760250,0,1,0,0,0,0,1,Malware
667533384,1,1,1,0,0,0,1,Malware
459384696,0,0,1,0,0,0,0,Malware
290492254,0,1,0,0,0,0,1,Malware
1008236,1,1,0,0,0,0,1,Malware
352199,1,1,1,1,1,0,1,Malware
79647524,1,1,0,0,0,0,1,Malware
1207008628,1,1,0,0,0,0,1,Malware
24,0,1,0,0,0,0,1,Malware
289121940,0,1,0,0,0,0,1,Malware
239028598,1,1,0,0,0,0,1,Malware
120,0,1,0,0,0,0,1,Malware
999068,0,1,0,0,0,0,1,Malware
1005398,1,1,0,0,0,0,1,Malware
0,0,0,0,0,0,0,0,Malware
68168,1,1,1,1,1,0,1,Malware
144036000,0,0,0,0,0,0,0,Malware
438,0,1,0,0,0,0,1,Malware
1013924,1,1,0,0,0,0,1,Malware
264367980,0,0,0,0,0,0,0,Malware
1021412036,1,1,0,0,0,0,1,Malware
123321472,0,1,0,0,0,0,1,Malware
5482,1,0,0,0,0,0,0,Malware
1016774,1,1,0,0,0,0,1,Malware
5482,1,0,0,0,0,0,0,Malware
28006802,0,0,1,0,0,0,0,Malware
1013924,1,1,0,0,0,0,1,Malware
1013924,1,1,0,0,0,0,1,Malware
1008236,1,1,0,0,0,0,1,Malware
216967506,1,1,0,0,0,0,1,Malware
1879637634,1,0,0,0,0,0,0,Malware
181131076,1,1,0,0,0,0,1,Malware
920969744,1,1,0,0,0,0,1,Malware
1068758,1,1,0,0,0,0,1,Malware
1005398,1,1,0,0,0,0,1,Malware
622556336,1,0,0,0,0,0,0,Malware
96467812,1,0,0,0,0,0,0,Malware
43585008,1,0,0,0,0,0,0,Malware
42144,0,0,0,0,0,0,0,Malware
240825566,1,1,0,0,0,0,1,Malware
1045494,1,1,0,0,0,0,1,Malware
1119046,1,1,0,0,0,0,1,Malware
1381368,1,1,0,0,0,0,1,Malware
1008236,1,1,0,0,0,0,1,Malware
425521277,1,1,0,0,0,0,1,Malware
1005398,1,1,0,0,0,0,1,Malware
503433402,1,0,0,0,0,0,0,Malware
44745,1,1,1,1,1,1,1,Malware
416380424,1,0,1,0,0,0,0,Malware
264367980,0,0,0,0,0,0,0,Malware
789550,0,1,0,0,0,0,1,Malware
2406,0,1,0,0,0,0,1,Malware
1013924,1,1,0,0,0,0,1,Malware
1031084,1,1,0,0,0,0,1,Malware
285356196,0,1,0,0,0,0,1,Malware
999734,1,1,0,0,0,0,1,Malware
67785,1,1,1,1,1,0,1,Malware
5151004,1,0,0,0,0,0,0,Malware
729880,0,1,0,0,0,0,1,Malware
1207008628,1,1,0,0,0,0,1,Malware
328487586,0,0,0,1,0,0,0,Malware
1013924,1,1,0,0,0,0,1,Malware
168741400,1,0,0,0,0,0,0,Malware
94617,1,1,1,1,1,0,1,Malware
165187966,1,0,0,0,0,0,0,Malware
1025348,1,1,0,0,0,0,1,Malware
271168,1,1,1,1,1,0,1,Malware
1011078,1,1,0,0,0,0,1,Malware
877452,1,1,1,1,1,0,1,Malware
127310,1,1,1,1,1,0,1,Malware
68650,1,1,1,1,1,0,1,Malware
0,0,0,0,0,0,0,0,Malware
212043390,0,0,0,0,0,0,0,Malware
291324988,0,1,0,0,0,0,1,Malware
58239,1,1,1,1,1,0,1,Malware
946726,1,1,0,0,0,0,1,Malware
71383,1,1,1,1,1,0,1,Malware
16861232,1,0,0,0,0,0,0,Malware
1145450298,0,1,0,0,0,0,1,Malware
0,1,0,0,0,0,0,0,Malware
931471,1,1,1,1,1,0,1,Malware
1013924,1,1,0,0,0,0,1,Malware
160,0,1,0,0,0,0,1,Malware
204399792,1,0,1,0,0,0,0,Malware
270810386,1,0,0,0,0,0,0,Malware
67785,1,1,1,1,1,0,1,Malware
1002564,1,1,0,0,0,0,1,Malware
729880,0,1,0,0,0,0,1,Malware
991268,1,1,0,0,0,0,1,Malware
96467812,1,0,0,0,0,0,0,Malware
1045494,1,1,0,0,0,0,1,Malware
94623,1,1,1,1,1,0,1,Malware
1013924,1,1,0,0,0,0,1,Malware
144036000,0,0,0,0,0,0,0,Malware
862,0,1,0,0,0,0,1,Malware
5151004,1,0,0,0,0,0,0,Malware
1068758,1,1,0,0,0,0,1,Malware
21274,1,0,1,0,1,0,1,Malware
196845294,1,0,1,0,0,0,0,Malware
999734,1,1,0,0,0,0,1,Malware
1045494,1,1,0,0,0,0,1,Malware
188751618,1,0,0,0,0,0,0,Malware
4977258,1,0,0,0,0,0,0,Malware
239334878,1,1,0,0,0,0,1,Malware
1051286,1,1,0,0,0,0,1,Malware
1008236,1,1,0,0,0,0,1,Malware
159363356,1,0,0,0,0,0,0,Malware
424449769,1,1,0,0,0,0,1,Malware
1019628,1,1,0,0,0,0,1,Malware
501139482,1,0,0,0,0,0,0,Malware
127310,1,1,1,1,1,0,1,Malware
1005398,1,1,0,0,0,0,1,Malware
996908,1,1,0,0,0,0,1,Malware
230987688,0,1,0,0,0,0,1,Malware
664251160,1,1,1,0,0,0,1,Malware
442,0,0,0,0,0,0,0,Malware
201614480,0,0,0,0,0,0,0,Malware
154,0,1,0,0,0,0,1,Malware
1013924,1,1,0,0,0,0,1,Malware
864680,0,1,0,0,0,0,1,Malware
258,0,0,0,0,0,0,0,Malware
475479244,1,0,0,0,0,0,0,Malware
290012810,0,1,0,0,0,0,1,Malware
1019628,1,1,0,0,0,0,1,Malware
1086374,1,1,0,0,0,0,1,Malware
1013924,1,1,0,0,0,0,1,Malware
1998,0,1,0,0,0,0,1,Malware
188751618,1,0,0,0,0,0,0,Malware
1025348,1,1,0,0,0,0,1,Malware
1011078,1,1,0,0,0,0,1,Malware
7523546,1,0,0,0,0,0,0,Malware
2406,0,1,0,0,0,0,1,Malware
1039718,1,1,0,0,0,0,1,Malware
3687800545,1,1,0,0,0,0,1,Malware
43585008,1,0,0,0,0,0,0,Malware
241396726,1,1,0,0,0,0,1,Malware
0,0,0,0,0,0,0,0,Malware
1025348,1,1,0,0,0,0,1,Malware
415232074,1,1,0,0,0,0,1,Malware
212043390,0,0,0,0,0,0,0,Malware
352199,1,1,1,1,1,0,1,Malware
476761378,1,0,0,0,0,0,0,Malware
1381368,1,1,0,0,0,0,1,Malware
201614480,0,0,0,0,0,0,0,Malware
288215840,0,1,0,0,0,0,1,Malware
3676026,1,0,0,0,0,0,0,Malware
22916388,0,1,0,0,0,0,1,Malware
171561609,1,0,1,0,0,0,0,Malware
805550,0,1,0,0,0,0,1,Malware
32091188,1,0,0,0,0,0,0,Malware
2358,0,1,0,0,0,0,0,Malware
0,0,0,0,0,0,0,0,Malware
196845294,1,0,1,0,0,0,0,Malware
96467812,1,0,0,0,0,0,0,Malware
2358,0,1,0,0,0,0,0,Malware
218237590,1,1,0,0,0,0,1,Malware
238272858,1,0,0,0,0,0,0,Malware
0,0,0,0,0,0,0,0,Malware
1002564,1,1,0,0,0,0,1,Malware
66618,1,1,1,1,1,0,1,Malware
1002564,1,1,0,0,0,0,1,Malware
1008236,1,1,0,0,0,0,1,Malware
416380424,1,0,1,0,0,0,0,Malware
163896414,1,0,0,0,0,0,0,Malware
216967506,1,1,0,0,0,0,1,Malware
428227302,1,1,0,0,0,0,1,Malware
216967506,1,1,0,0,0,0,1,Malware
289831222,0,1,0,0,0,0,1,Malware
584,0,1,0,0,0,0,0,Malware
1013924,1,1,0,0,0,0,1,Malware
0,0,0,0,0,0,0,0,Malware
227572882,1,0,0,0,0,0,0,Malware
10527162,0,1,0,0,0,0,1,Malware
1013924,1,1,0,0,0,0,1,Malware
2382,0,1,0,0,0,0,0,Malware
0,0,0,0,0,0,0,0,Malware
789550,0,1,0,0,0,0,1,Malware
3512239972,1,1,0,0,0,0,1,Malware
11266504,0,1,0,0,0,0,1,Malware
424449769,1,1,0,0,0,0,1,Malware
0,0,0,0,0,0,0,0,Malware
425860245,1,1,0,0,0,0,1,Malware
